epoch,step,train_f1_epoch,train_f1_step,train_loss_epoch,train_loss_step
0,49,,0.8051947951316833,,0.5319650769233704
0,99,,0.800000011920929,,0.5093402862548828
0,147,0.7876197695732117,,0.5384237170219421,
1,149,,0.8311688303947449,,0.45546066761016846
1,199,,0.7948718070983887,,0.5013376474380493
1,249,,0.7560975551605225,,0.5396764874458313
1,295,0.8106563687324524,,0.4801204800605774,
2,299,,0.8101266026496887,,0.4479485750198364
2,349,,0.790123462677002,,0.4977230429649353
2,399,,0.8311688303947449,,0.3977351486682892
2,443,0.8115120530128479,,0.4750838577747345,
