station,valid,lon,lat,tmpf,relh,drct,sknt,p01i,vsby,skyc1,wxcodes
ORD,2026-04-13 00:51,-87.9316,41.9602,62.00,89.89,240.00,13.00,0.02,10.00,BKN,null
MDW,2026-04-13 00:53,-87.7524,41.7860,63.00,86.79,250.00,14.00,0.01,10.00,OVC,-RA
IGQ,2026-04-13 00:55,-87.5295,41.5349,62.60,84.01,230.00,17.00,0.00,10.00,BKN,null
ORD,2026-04-13 01:51,-87.9316,41.9602,62.00,93.16,230.00,11.00,0.01,10.00,OVC,null
MDW,2026-04-13 01:53,-87.7524,41.7860,64.00,86.84,240.00,12.00,0.0001,10.00,OVC,null
IGQ,2026-04-13 01:55,-87.5295,41.5349,64.40,82.63,240.00,13.00,0.00,10.00,OVC,null
ORD,2026-04-13 02:51,-87.9316,41.9602,63.00,89.94,230.00,11.00,0.00,10.00,OVC,null
MDW,2026-04-13 02:53,-87.7524,41.7860,64.00,89.98,250.00,18.00,0.00,10.00,OVC,null
IGQ,2026-04-13 02:55,-87.5295,41.5349,64.00,86.84,240.00,13.00,0.00,10.00,OVC,null
ORD,2026-04-13 03:51,-87.9316,41.9602,64.00,89.98,230.00,13.00,0.00,10.00,OVC,null
MDW,2026-04-13 03:53,-87.7524,41.7860,65.00,86.89,230.00,12.00,0.00,10.00,OVC,null
IGQ,2026-04-13 03:55,-87.5295,41.5349,64.00,87.77,230.00,13.00,0.00,10.00,OVC,null
ORD,2026-04-13 04:51,-87.9316,41.9602,65.00,86.89,230.00,13.00,0.00,10.00,OVC,null
MDW,2026-04-13 04:53,-87.7524,41.7860,65.00,90.02,250.00,11.00,0.00,10.00,OVC,null
IGQ,2026-04-13 04:55,-87.5295,41.5349,63.70,85.90,240.00,12.00,0.00,10.00,BKN,null
ORD,2026-04-13 05:51,-87.9316,41.9602,65.00,86.89,220.00,13.00,0.00,10.00,SCT,null
MDW,2026-04-13 05:53,-87.7524,41.7860,65.00,86.89,250.00,11.00,0.00,10.00,OVC,null
IGQ,2026-04-13 05:55,-87.5295,41.5349,63.00,86.79,240.00,8.00,0.00,10.00,BKN,null
ORD,2026-04-13 06:51,-87.9316,41.9602,65.00,86.89,220.00,9.00,0.00,10.00,FEW,null
MDW,2026-04-13 06:53,-87.7524,41.7860,65.00,86.89,240.00,11.00,0.00,10.00,FEW,null
IGQ,2026-04-13 06:55,-87.5295,41.5349,64.00,85.31,240.00,11.00,0.00,10.00,BKN,null
ORD,2026-04-13 07:51,-87.9316,41.9602,64.00,93.22,220.00,9.00,0.0001,8.00,BKN,-DZ
MDW,2026-04-13 07:53,-87.7524,41.7860,65.00,90.02,240.00,11.00,0.0001,9.00,BKN,-DZ
IGQ,2026-04-13 07:55,-87.5295,41.5349,65.50,83.60,240.00,11.00,0.00,10.00,OVC,null
ORD,2026-04-13 08:51,-87.9316,41.9602,64.00,93.22,210.00,7.00,0.0001,8.00,BKN,null
MDW,2026-04-13 08:53,-87.7524,41.7860,66.00,90.06,240.00,10.00,0.0001,10.00,BKN,null
IGQ,2026-04-13 08:55,-87.5295,41.5349,67.00,81.07,240.00,12.00,0.00,10.00,OVC,null
ORD,2026-04-13 09:51,-87.9316,41.9602,66.00,86.95,220.00,9.00,0.00,10.00,BKN,null
MDW,2026-04-13 09:53,-87.7524,41.7860,68.00,84.05,230.00,10.00,0.00,10.00,OVC,null
IGQ,2026-04-13 09:55,-87.5295,41.5349,68.70,79.22,240.00,12.00,0.00,10.00,SCT,null
ORD,2026-04-13 10:51,-87.9316,41.9602,68.00,84.05,210.00,8.00,0.00,10.00,BKN,null
MDW,2026-04-13 10:53,-87.7524,41.7860,71.00,78.57,230.00,10.00,0.00,10.00,FEW,null
IGQ,2026-04-13 10:55,-87.5295,41.5349,71.00,75.87,240.00,9.00,0.00,10.00,SCT,null
ORD,2026-04-13 11:51,-87.9316,41.9602,71.00,78.57,210.00,12.00,0.00,10.00,SCT,null
MDW,2026-04-13 11:53,-87.7524,41.7860,72.00,75.96,230.00,12.00,0.00,10.00,SCT,null
IGQ,2026-04-13 11:55,-87.5295,41.5349,72.70,72.39,240.00,8.00,0.00,10.00,SCT,null
ORD,2026-04-13 12:51,-87.9316,41.9602,72.00,73.34,220.00,11.00,0.00,10.00,OVC,null
MDW,2026-04-13 12:53,-87.7524,41.7860,74.00,71.02,240.00,12.00,0.00,10.00,BKN,null
IGQ,2026-04-13 12:55,-87.5295,41.5349,76.00,65.74,240.00,10.00,0.00,10.00,SCT,null
ORD,2026-04-13 13:51,-87.9316,41.9602,74.00,68.57,210.00,11.00,0.00,10.00,FEW,null
MDW,2026-04-13 13:53,-87.7524,41.7860,75.00,71.12,260.00,9.00,0.00,10.00,FEW,null
IGQ,2026-04-13 13:55,-87.5295,41.5349,78.00,60.04,240.00,13.00,0.00,10.00,SCT,null
ORD,2026-04-13 14:51,-87.9316,41.9602,73.00,70.91,220.00,8.00,0.00,10.00,SCT,null
MDW,2026-04-13 14:53,-87.7524,41.7860,74.00,71.02,250.00,11.00,0.00,10.00,BKN,null
IGQ,2026-04-13 14:55,-87.5295,41.5349,74.70,68.17,270.00,9.00,0.00,10.00,SCT,-RA
ORD,2026-04-13 15:51,-87.9316,41.9602,77.00,59.91,200.00,9.00,0.00,10.00,FEW,null
MDW,2026-04-13 15:53,-87.7524,41.7860,76.00,71.23,200.00,10.00,0.01,10.00,FEW,null
IGQ,2026-04-13 15:55,-87.5295,41.5349,74.70,50.69,160.00,7.00,0.00,10.00,CLR,null
ORD,2026-04-13 16:51,-87.9316,41.9602,78.00,55.95,190.00,13.00,0.00,10.00,FEW,null
MDW,2026-04-13 16:53,-87.7524,41.7860,78.00,46.78,170.00,14.00,0.00,10.00,SCT,null
IGQ,2026-04-13 16:55,-87.5295,41.5349,72.50,51.86,180.00,10.00,0.00,10.00,SCT,null
ORD,2026-04-13 17:51,-87.9316,41.9602,77.00,44.95,200.00,10.00,0.00,10.00,SCT,null
MDW,2026-04-13 17:53,-87.7524,41.7860,75.00,48.04,null,6.00,0.00,10.00,FEW,null
IGQ,2026-04-13 17:55,-87.5295,41.5349,71.80,64.08,180.00,8.00,0.00,10.00,SCT,null
ORD,2026-04-13 18:51,-87.9316,41.9602,73.00,57.28,180.00,7.00,0.05,10.00,FEW,-TSRA
MDW,2026-04-13 18:53,-87.7524,41.7860,74.00,55.39,180.00,6.00,0.00,10.00,SCT,TS
IGQ,2026-04-13 18:55,-87.5295,41.5349,72.70,66.75,200.00,11.00,0.00,10.00,CLR,null
ORD,2026-04-13 19:51,-87.9316,41.9602,73.00,63.78,170.00,12.00,0.0001,10.00,FEW,null
MDW,2026-04-13 19:53,-87.7524,41.7860,75.00,64.02,190.00,19.00,0.00,10.00,FEW,null
IGQ,2026-04-13 19:55,-87.5295,41.5349,72.00,67.38,200.00,11.00,0.00,10.00,CLR,null
ORD,2026-04-13 20:51,-87.9316,41.9602,74.00,66.20,170.00,15.00,0.00,10.00,FEW,null
MDW,2026-04-13 20:53,-87.7524,41.7860,75.00,64.02,190.00,19.00,0.00,10.00,FEW,null
IGQ,2026-04-13 20:55,-87.5295,41.5349,71.60,66.86,190.00,15.00,0.00,10.00,CLR,null
ORD,2026-04-13 21:51,-87.9316,41.9602,73.00,68.46,190.00,13.00,0.00,10.00,FEW,null
MDW,2026-04-13 21:53,-87.7524,41.7860,73.00,66.08,190.00,16.00,0.00,10.00,CLR,null
IGQ,2026-04-13 21:55,-87.5295,41.5349,70.30,69.88,180.00,12.00,0.00,10.00,CLR,null
ORD,2026-04-13 22:51,-87.9316,41.9602,72.00,70.81,190.00,14.00,0.00,10.00,SCT,null
MDW,2026-04-13 22:53,-87.7524,41.7860,73.00,68.46,200.00,16.00,0.00,10.00,FEW,null
IGQ,2026-04-13 22:55,-87.5295,41.5349,69.80,71.84,200.00,13.00,0.00,10.00,CLR,null
ORD,2026-04-13 23:51,-87.9316,41.9602,72.00,70.81,200.00,16.00,0.00,10.00,BKN,null
MDW,2026-04-13 23:53,-87.7524,41.7860,71.00,73.24,210.00,15.00,0.00,10.00,OVC,null
IGQ,2026-04-13 23:55,-87.5295,41.5349,69.00,75.69,210.00,15.00,0.00,10.00,CLR,null
ORD,2026-04-14 00:51,-87.9316,41.9602,72.00,70.81,210.00,15.00,0.00,10.00,FEW,null
MDW,2026-04-14 00:53,-87.7524,41.7860,71.00,75.87,210.00,17.00,0.00,10.00,FEW,null
IGQ,2026-04-14 00:55,-87.5295,41.5349,69.30,74.91,210.00,17.00,0.00,10.00,CLR,null
ORD,2026-04-14 01:51,-87.9316,41.9602,71.00,73.24,210.00,19.00,0.00,10.00,FEW,null
MDW,2026-04-14 01:53,-87.7524,41.7860,71.00,73.24,210.00,18.00,0.00,10.00,SCT,null
IGQ,2026-04-14 01:55,-87.5295,41.5349,69.00,75.15,210.00,16.00,0.00,10.00,CLR,null
ORD,2026-04-14 02:51,-87.9316,41.9602,71.00,73.24,220.00,19.00,0.00,10.00,SCT,null
MDW,2026-04-14 02:53,-87.7524,41.7860,71.00,73.24,220.00,18.00,0.00,10.00,FEW,null
IGQ,2026-04-14 02:55,-87.5295,41.5349,68.00,77.77,210.00,15.00,0.00,10.00,CLR,null
ORD,2026-04-14 03:51,-87.9316,41.9602,62.00,80.70,340.00,10.00,0.0001,10.00,SCT,TS
MDW,2026-04-14 03:53,-87.7524,41.7860,65.00,70.05,360.00,12.00,0.00,10.00,FEW,null
IGQ,2026-04-14 03:55,-87.5295,41.5349,67.00,80.50,210.00,11.00,0.00,10.00,CLR,null
ORD,2026-04-14 04:51,-87.9316,41.9602,61.00,83.60,50.00,10.00,0.02,10.00,SCT,null
MDW,2026-04-14 04:53,-87.7524,41.7860,62.00,77.82,60.00,9.00,0.0001,10.00,FEW,null
IGQ,2026-04-14 04:55,-87.5295,41.5349,59.00,80.47,30.00,11.00,0.00,10.00,OVC,null
ORD,2026-04-14 05:51,-87.9316,41.9602,58.00,86.51,70.00,5.00,0.01,6.00,FEW,-RA BR
MDW,2026-04-14 05:53,-87.7524,41.7860,60.00,80.54,80.00,13.00,0.00,10.00,BKN,null
IGQ,2026-04-14 05:55,-87.5295,41.5349,58.00,82.49,60.00,7.00,0.00,10.00,BKN,null
ORD,2026-04-14 06:51,-87.9316,41.9602,57.00,93.01,130.00,8.00,0.18,10.00,SCT,TS
MDW,2026-04-14 06:53,-87.7524,41.7860,58.00,89.73,120.00,6.00,0.02,10.00,SCT,-RA
IGQ,2026-04-14 06:55,-87.5295,41.5349,56.50,91.32,30.00,4.00,0.00,10.00,BKN,-RA
ORD,2026-04-14 07:51,-87.9316,41.9602,57.00,93.01,150.00,11.00,0.01,10.00,FEW,null
MDW,2026-04-14 07:53,-87.7524,41.7860,58.00,89.73,150.00,13.00,0.03,10.00,FEW,null
IGQ,2026-04-14 07:55,-87.5295,41.5349,57.20,92.34,130.00,7.00,0.00,10.00,SCT,-RA
ORD,2026-04-14 08:51,-87.9316,41.9602,60.00,83.54,180.00,11.00,0.00,10.00,BKN,null
MDW,2026-04-14 08:53,-87.7524,41.7860,60.00,86.62,180.00,5.00,0.00,10.00,SCT,null
IGQ,2026-04-14 08:55,-87.5295,41.5349,59.40,93.08,170.00,8.00,0.00,10.00,CLR,null
ORD,2026-04-14 09:51,-87.9316,41.9602,66.00,78.16,180.00,8.00,0.00,10.00,FEW,null
MDW,2026-04-14 09:53,-87.7524,41.7860,65.00,83.86,180.00,8.00,0.00,10.00,FEW,null
IGQ,2026-04-14 09:55,-87.5295,41.5349,63.00,85.55,180.00,7.00,0.00,10.00,BKN,null
ORD,2026-04-14 10:51,-87.9316,41.9602,71.00,70.70,190.00,9.00,0.00,10.00,BKN,null
MDW,2026-04-14 10:53,-87.7524,41.7860,72.00,65.96,210.00,12.00,0.00,10.00,FEW,null
IGQ,2026-04-14 10:55,-87.5295,41.5349,70.70,69.67,210.00,6.00,0.00,10.00,CLR,null
ORD,2026-04-14 11:51,-87.9316,41.9602,75.00,61.80,210.00,11.00,0.00,10.00,BKN,null
MDW,2026-04-14 11:53,-87.7524,41.7860,77.00,57.83,220.00,13.00,0.00,10.00,BKN,null
IGQ,2026-04-14 11:55,-87.5295,41.5349,74.50,65.56,210.00,15.00,0.00,10.00,SCT,null
ORD,2026-04-14 12:51,-87.9316,41.9602,78.00,60.04,210.00,13.00,0.00,10.00,FEW,null
MDW,2026-04-14 12:53,-87.7524,41.7860,78.00,60.04,200.00,17.00,0.00,10.00,BKN,null
IGQ,2026-04-14 12:55,-87.5295,41.5349,76.00,62.81,200.00,12.00,0.00,10.00,OVC,null
ORD,2026-04-14 13:51,-87.9316,41.9602,80.00,56.23,240.00,14.00,0.00,10.00,SCT,null
MDW,2026-04-14 13:53,-87.7524,41.7860,79.00,60.17,210.00,16.00,0.00,10.00,FEW,null
IGQ,2026-04-14 13:55,-87.5295,41.5349,79.30,57.53,200.00,17.00,0.00,10.00,SCT,null
ORD,2026-04-14 14:51,-87.9316,41.9602,79.00,58.10,210.00,13.00,0.00,10.00,SCT,null
MDW,2026-04-14 14:53,-87.7524,41.7860,80.00,58.24,220.00,17.00,0.00,10.00,FEW,null
IGQ,2026-04-14 14:55,-87.5295,41.5349,79.30,60.85,210.00,18.00,0.00,10.00,SCT,null
ORD,2026-04-14 15:51,-87.9316,41.9602,82.00,56.51,170.00,16.00,0.00,10.00,FEW,null
MDW,2026-04-14 15:53,-87.7524,41.7860,82.00,56.51,220.00,14.00,0.00,10.00,SCT,null
IGQ,2026-04-14 15:55,-87.5295,41.5349,80.20,63.55,220.00,13.00,0.00,10.00,SCT,null
ORD,2026-04-14 16:51,-87.9316,41.9602,80.00,60.30,210.00,20.00,0.00,10.00,SCT,null
MDW,2026-04-14 16:53,-87.7524,41.7860,80.00,62.44,220.00,18.00,0.00,10.00,SCT,null
IGQ,2026-04-14 16:55,-87.5295,41.5349,79.70,63.93,220.00,17.00,0.00,10.00,CLR,null
ORD,2026-04-14 17:51,-87.9316,41.9602,80.00,62.44,210.00,20.00,0.00,10.00,SCT,null
MDW,2026-04-14 17:53,-87.7524,41.7860,81.00,60.44,220.00,16.00,0.00,10.00,BKN,null
IGQ,2026-04-14 17:55,-87.5295,41.5349,79.70,63.05,210.00,15.00,0.00,10.00,SCT,null
ORD,2026-04-14 18:51,-87.9316,41.9602,80.00,58.24,210.00,11.00,0.00,10.00,FEW,null
MDW,2026-04-14 18:53,-87.7524,41.7860,80.00,60.30,210.00,13.00,0.00,10.00,SCT,null
IGQ,2026-04-14 18:55,-87.5295,41.5349,78.00,62.18,200.00,14.00,0.00,10.00,CLR,null
ORD,2026-04-14 19:51,-87.9316,41.9602,80.00,58.24,200.00,15.00,0.00,10.00,FEW,null
MDW,2026-04-14 19:53,-87.7524,41.7860,79.00,62.31,200.00,15.00,0.00,10.00,FEW,null
IGQ,2026-04-14 19:55,-87.5295,41.5349,76.00,65.28,210.00,13.00,0.00,10.00,CLR,null
ORD,2026-04-14 20:51,-87.9316,41.9602,79.00,62.31,200.00,11.00,0.00,10.00,FEW,null
MDW,2026-04-14 20:53,-87.7524,41.7860,78.00,64.39,200.00,18.00,0.00,10.00,FEW,null
IGQ,2026-04-14 20:55,-87.5295,41.5349,75.40,66.60,200.00,13.00,0.00,10.00,CLR,null
ORD,2026-04-14 21:51,-87.9316,41.9602,79.00,62.31,200.00,18.00,0.00,10.00,SCT,TS
MDW,2026-04-14 21:53,-87.7524,41.7860,78.00,64.39,210.00,17.00,0.00,10.00,FEW,null
IGQ,2026-04-14 21:55,-87.5295,41.5349,75.40,66.60,210.00,21.00,0.00,10.00,CLR,null
ORD,2026-04-14 22:51,-87.9316,41.9602,64.00,96.56,270.00,13.00,1.01,0.50,SCT,+TSGRRA
MDW,2026-04-14 22:53,-87.7524,41.7860,67.00,78.24,20.00,10.00,0.02,10.00,FEW,-TSRA
IGQ,2026-04-14 22:55,-87.5295,41.5349,74.30,67.89,210.00,20.00,0.00,10.00,CLR,null
ORD,2026-04-14 23:51,-87.9316,41.9602,64.00,93.22,160.00,8.00,0.71,10.00,FEW,-TSRA
MDW,2026-04-14 23:53,-87.7524,41.7860,65.00,93.24,290.00,3.00,0.38,3.00,FEW,TSRA BR
IGQ,2026-04-14 23:55,-87.5295,41.5349,72.50,72.12,210.00,12.00,0.00,10.00,CLR,null
ORD,2026-04-15 00:51,-87.9316,41.9602,65.00,86.89,0.00,0.00,0.49,7.00,FEW,-TSRA
MDW,2026-04-15 00:53,-87.7524,41.7860,66.00,93.27,130.00,8.00,0.01,10.00,FEW,null
IGQ,2026-04-15 00:55,-87.5295,41.5349,62.60,82.51,60.00,6.00,0.00,10.00,SCT,null
ORD,2026-04-15 01:51,-87.9316,41.9602,64.00,89.98,150.00,8.00,0.0001,10.00,FEW,null
MDW,2026-04-15 01:53,-87.7524,41.7860,65.00,90.02,110.00,6.00,0.00,10.00,FEW,null
IGQ,2026-04-15 01:55,-87.5295,41.5349,63.00,82.54,120.00,3.00,0.00,10.00,SCT,null
ORD,2026-04-15 02:51,-87.9316,41.9602,65.00,93.24,100.00,4.00,0.00,10.00,BKN,null
MDW,2026-04-15 02:53,-87.7524,41.7860,63.00,93.19,140.00,6.00,0.00,9.00,BKN,null
IGQ,2026-04-15 02:55,-87.5295,41.5349,68.00,82.88,210.00,6.00,0.00,10.00,BKN,null
ORD,2026-04-15 03:51,-87.9316,41.9602,64.00,93.22,140.00,6.00,0.00,8.00,BKN,null
MDW,2026-04-15 03:53,-87.7524,41.7860,68.00,87.05,210.00,6.00,0.00,9.00,FEW,null
IGQ,2026-04-15 03:55,-87.5295,41.5349,68.50,82.62,210.00,11.00,0.00,10.00,CLR,null
ORD,2026-04-15 04:51,-87.9316,41.9602,68.00,87.05,230.00,7.00,0.00,10.00,BKN,null
MDW,2026-04-15 04:53,-87.7524,41.7860,70.00,84.18,250.00,10.00,0.00,9.00,BKN,null
IGQ,2026-04-15 04:55,-87.5295,41.5349,68.00,84.05,220.00,14.00,0.00,10.00,SCT,null
ORD,2026-04-15 05:51,-87.9316,41.9602,68.00,84.05,260.00,7.00,0.0001,10.00,BKN,-RA
MDW,2026-04-15 05:53,-87.7524,41.7860,69.00,84.12,230.00,7.00,0.00,9.00,FEW,null
IGQ,2026-04-15 05:55,-87.5295,41.5349,68.00,84.05,230.00,10.00,0.00,10.00,BKN,null
ORD,2026-04-15 06:51,-87.9316,41.9602,64.00,86.84,270.00,9.00,0.05,7.00,SCT,RA
MDW,2026-04-15 06:53,-87.7524,41.7860,66.00,81.00,250.00,6.00,0.0001,10.00,FEW,null
IGQ,2026-04-15 06:55,-87.5295,41.5349,68.00,83.46,240.00,8.00,0.00,10.00,SCT,null
ORD,2026-04-15 07:51,-87.9316,41.9602,63.00,86.79,0.00,0.00,0.06,10.00,FEW,null
MDW,2026-04-15 07:53,-87.7524,41.7860,65.00,80.92,350.00,3.00,0.00,10.00,FEW,null
IGQ,2026-04-15 07:55,-87.5295,41.5349,68.00,67.89,300.00,9.00,0.00,10.00,SCT,null
ORD,2026-04-15 08:51,-87.9316,41.9602,63.00,89.94,180.00,7.00,0.00,10.00,BKN,null
MDW,2026-04-15 08:53,-87.7524,41.7860,65.00,78.08,220.00,4.00,0.00,10.00,FEW,null
IGQ,2026-04-15 08:55,-87.5295,41.5349,67.60,68.09,310.00,3.00,0.00,10.00,SCT,null
ORD,2026-04-15 09:51,-87.9316,41.9602,63.00,86.79,200.00,3.00,0.0001,10.00,OVC,-RA
MDW,2026-04-15 09:53,-87.7524,41.7860,65.00,80.92,180.00,7.00,0.01,10.00,SCT,null
IGQ,2026-04-15 09:55,-87.5295,41.5349,66.20,75.70,170.00,8.00,0.00,10.00,OVC,-DZ
ORD,2026-04-15 10:51,-87.9316,41.9602,64.00,83.80,160.00,12.00,0.0001,10.00,OVC,-RA
MDW,2026-04-15 10:53,-87.7524,41.7860,65.00,83.86,170.00,11.00,0.02,10.00,FEW,-RA
IGQ,2026-04-15 10:55,-87.5295,41.5349,64.20,87.16,200.00,8.00,0.00,10.00,SCT,-RA
ORD,2026-04-15 11:51,-87.9316,41.9602,65.00,83.86,180.00,11.00,0.0001,10.00,FEW,null
MDW,2026-04-15 11:53,-87.7524,41.7860,65.00,83.86,190.00,9.00,0.0001,10.00,FEW,-RA
IGQ,2026-04-15 11:55,-87.5295,41.5349,63.70,94.20,170.00,6.00,0.00,10.00,SCT,-RA
ORD,2026-04-15 12:51,-87.9316,41.9602,67.00,78.24,220.00,12.00,0.00,10.00,FEW,null
MDW,2026-04-15 12:53,-87.7524,41.7860,67.00,81.07,220.00,9.00,0.0001,10.00,FEW,null
IGQ,2026-04-15 12:55,-87.5295,41.5349,66.20,90.39,200.00,10.00,0.00,10.00,SCT,-RA
ORD,2026-04-15 13:51,-87.9316,41.9602,68.00,75.59,230.00,12.00,0.0001,10.00,FEW,null
MDW,2026-04-15 13:53,-87.7524,41.7860,68.00,78.33,230.00,14.00,0.00,10.00,FEW,null
IGQ,2026-04-15 13:55,-87.5295,41.5349,67.30,87.01,210.00,9.00,0.00,10.00,SCT,null
ORD,2026-04-15 14:51,-87.9316,41.9602,68.00,78.33,220.00,11.00,0.00,10.00,FEW,null
MDW,2026-04-15 14:53,-87.7524,41.7860,69.00,78.41,240.00,11.00,0.00,10.00,FEW,null
IGQ,2026-04-15 14:55,-87.5295,41.5349,68.00,82.88,200.00,11.00,0.00,10.00,OVC,null
ORD,2026-04-15 15:51,-87.9316,41.9602,70.00,73.15,230.00,9.00,0.00,10.00,SCT,null
MDW,2026-04-15 15:53,-87.7524,41.7860,71.00,73.24,240.00,12.00,0.00,10.00,FEW,null
IGQ,2026-04-15 15:55,-87.5295,41.5349,71.00,75.87,220.00,14.00,0.00,10.00,CLR,null
ORD,2026-04-15 16:51,-87.9316,41.9602,71.00,70.70,210.00,11.00,0.00,10.00,FEW,null
MDW,2026-04-15 16:53,-87.7524,41.7860,72.00,73.34,200.00,12.00,0.00,10.00,SCT,null
IGQ,2026-04-15 16:55,-87.5295,41.5349,71.40,77.52,210.00,10.00,0.00,10.00,SCT,null
ORD,2026-04-15 17:51,-87.9316,41.9602,72.00,73.34,190.00,9.00,0.00,10.00,SCT,null
MDW,2026-04-15 17:53,-87.7524,41.7860,73.00,73.44,210.00,12.00,0.00,10.00,BKN,null
IGQ,2026-04-15 17:55,-87.5295,41.5349,71.60,78.08,200.00,10.00,0.00,10.00,SCT,null
ORD,2026-04-15 18:51,-87.9316,41.9602,72.00,70.81,190.00,16.00,0.00,10.00,SCT,null
MDW,2026-04-15 18:53,-87.7524,41.7860,73.00,66.08,200.00,14.00,0.00,10.00,FEW,null
IGQ,2026-04-15 18:55,-87.5295,41.5349,70.70,71.42,210.00,11.00,0.00,10.00,SCT,null
ORD,2026-04-15 19:51,-87.9316,41.9602,72.00,68.35,200.00,16.00,0.00,10.00,FEW,null
MDW,2026-04-15 19:53,-87.7524,41.7860,72.00,68.35,200.00,16.00,0.00,10.00,FEW,null
IGQ,2026-04-15 19:55,-87.5295,41.5349,69.80,73.13,200.00,16.00,0.00,10.00,BKN,null
ORD,2026-04-15 20:51,-87.9316,41.9602,71.00,70.70,200.00,17.00,0.00,10.00,SCT,null
MDW,2026-04-15 20:53,-87.7524,41.7860,71.00,70.70,210.00,17.00,0.00,10.00,BKN,null
IGQ,2026-04-15 20:55,-87.5295,41.5349,69.30,72.30,210.00,16.00,0.00,10.00,SCT,null
ORD,2026-04-15 21:51,-87.9316,41.9602,70.00,75.78,210.00,14.00,0.00,10.00,BKN,null
MDW,2026-04-15 21:53,-87.7524,41.7860,70.00,75.78,210.00,13.00,0.00,10.00,FEW,null
IGQ,2026-04-15 21:55,-87.5295,41.5349,68.00,77.22,200.00,13.00,0.00,10.00,OVC,null
ORD,2026-04-15 22:51,-87.9316,41.9602,60.00,93.10,350.00,9.00,0.32,7.00,SCT,-TSRA
MDW,2026-04-15 22:53,-87.7524,41.7860,64.00,72.54,320.00,17.00,0.00,10.00,SCT,null
IGQ,2026-04-15 22:55,-87.5295,41.5349,67.00,81.07,210.00,12.00,0.00,10.00,SCT,null
ORD,2026-04-15 23:51,-87.9316,41.9602,60.00,93.10,320.00,12.00,0.09,7.00,FEW,RA
MDW,2026-04-15 23:53,-87.7524,41.7860,61.00,89.85,320.00,7.00,0.16,8.00,BKN,-RA
IGQ,2026-04-15 23:55,-87.5295,41.5349,60.40,86.33,340.00,7.00,0.00,7.00,SCT,+RA
ORD,2026-04-16 00:51,-87.9316,41.9602,61.00,89.85,110.00,9.00,0.01,10.00,BKN,null
MDW,2026-04-16 00:53,-87.7524,41.7860,61.00,93.13,80.00,7.00,0.08,8.00,SCT,-RA
IGQ,2026-04-16 00:55,-87.5295,41.5349,59.00,95.10,70.00,3.00,0.00,10.00,SCT,-RA
ORD,2026-04-16 01:51,-87.9316,41.9602,61.00,89.85,140.00,6.00,0.00,10.00,SCT,null
MDW,2026-04-16 01:53,-87.7524,41.7860,61.00,89.85,170.00,10.00,0.0001,9.00,BKN,null
IGQ,2026-04-16 01:55,-87.5295,41.5349,59.00,94.42,150.00,4.00,0.00,10.00,BKN,-RA
ORD,2026-04-16 02:51,-87.9316,41.9602,60.00,89.81,150.00,10.00,0.00,10.00,SCT,null
MDW,2026-04-16 02:53,-87.7524,41.7860,61.00,89.85,170.00,10.00,0.00,9.00,BKN,null
IGQ,2026-04-16 02:55,-87.5295,41.5349,58.30,93.05,0.00,0.00,0.00,10.00,CLR,null
ORD,2026-04-16 03:51,-87.9316,41.9602,60.00,89.81,150.00,7.00,0.00,10.00,BKN,null
MDW,2026-04-16 03:53,-87.7524,41.7860,60.00,89.81,160.00,6.00,0.00,9.00,FEW,null
IGQ,2026-04-16 03:55,-87.5295,41.5349,58.00,94.74,150.00,6.00,0.00,10.00,CLR,null
ORD,2026-04-16 04:51,-87.9316,41.9602,60.00,86.62,180.00,7.00,0.00,9.00,BKN,null
MDW,2026-04-16 04:53,-87.7524,41.7860,60.00,89.81,180.00,7.00,0.00,10.00,SCT,null
IGQ,2026-04-16 04:55,-87.5295,41.5349,58.00,94.06,170.00,8.00,0.00,10.00,SCT,null
ORD,2026-04-16 05:51,-87.9316,41.9602,60.00,89.81,170.00,8.00,0.09,10.00,BKN,null
MDW,2026-04-16 05:53,-87.7524,41.7860,60.00,89.81,180.00,11.00,0.01,9.00,FEW,-RA
IGQ,2026-04-16 05:55,-87.5295,41.5349,59.00,91.41,190.00,8.00,0.00,10.00,OVC,RA
ORD,2026-04-16 06:51,-87.9316,41.9602,60.00,89.81,180.00,7.00,0.03,10.00,BKN,null
MDW,2026-04-16 06:53,-87.7524,41.7860,61.00,89.85,190.00,11.00,0.02,10.00,BKN,null
IGQ,2026-04-16 06:55,-87.5295,41.5349,59.00,95.45,190.00,10.00,0.00,7.00,SCT,-RA
ORD,2026-04-16 07:51,-87.9316,41.9602,61.00,89.85,220.00,9.00,0.00,10.00,OVC,null
MDW,2026-04-16 07:53,-87.7524,41.7860,62.00,89.89,220.00,12.00,0.00,10.00,OVC,null
IGQ,2026-04-16 07:55,-87.5295,41.5349,60.40,92.78,200.00,11.00,0.00,10.00,OVC,null
ORD,2026-04-16 08:51,-87.9316,41.9602,63.00,86.79,230.00,8.00,0.00,10.00,OVC,null
MDW,2026-04-16 08:53,-87.7524,41.7860,64.00,86.84,230.00,13.00,0.00,10.00,OVC,null
IGQ,2026-04-16 08:55,-87.5295,41.5349,62.00,87.67,230.00,11.00,0.00,10.00,OVC,null
ORD,2026-04-16 09:51,-87.9316,41.9602,66.00,81.00,230.00,9.00,0.00,10.00,SCT,null
MDW,2026-04-16 09:53,-87.7524,41.7860,65.00,83.86,230.00,13.00,0.00,10.00,BKN,null
IGQ,2026-04-16 09:55,-87.5295,41.5349,63.50,83.17,230.00,16.00,0.00,10.00,OVC,null
ORD,2026-04-16 10:51,-87.9316,41.9602,65.00,86.89,240.00,10.00,0.07,10.00,FEW,null
MDW,2026-04-16 10:53,-87.7524,41.7860,68.00,75.59,240.00,16.00,0.00,10.00,SCT,null
IGQ,2026-04-16 10:55,-87.5295,41.5349,66.40,79.03,230.00,15.00,0.00,10.00,OVC,null
ORD,2026-04-16 11:51,-87.9316,41.9602,67.00,78.24,240.00,11.00,0.00,10.00,BKN,null
MDW,2026-04-16 11:53,-87.7524,41.7860,68.00,75.59,250.00,18.00,0.00,10.00,BKN,null
IGQ,2026-04-16 11:55,-87.5295,41.5349,67.60,71.35,250.00,18.00,0.00,10.00,SCT,null
ORD,2026-04-16 12:51,-87.9316,41.9602,70.00,70.59,260.00,10.00,0.0001,10.00,FEW,null
MDW,2026-04-16 12:53,-87.7524,41.7860,69.00,73.05,230.00,11.00,0.00,10.00,BKN,null
IGQ,2026-04-16 12:55,-87.5295,41.5349,67.00,72.85,260.00,16.00,0.00,10.00,SCT,null
ORD,2026-04-16 13:51,-87.9316,41.9602,71.00,59.11,270.00,13.00,0.00,10.00,SCT,null
MDW,2026-04-16 13:53,-87.7524,41.7860,69.00,73.05,250.00,13.00,0.01,9.00,SCT,-RA
IGQ,2026-04-16 13:55,-87.5295,41.5349,69.60,67.35,250.00,15.00,0.00,10.00,BKN,null
ORD,2026-04-16 14:51,-87.9316,41.9602,72.00,57.14,280.00,10.00,0.00,10.00,BKN,null
MDW,2026-04-16 14:53,-87.7524,41.7860,72.00,59.24,300.00,10.00,0.01,10.00,FEW,null
IGQ,2026-04-16 14:55,-87.5295,41.5349,68.40,68.43,250.00,13.00,0.00,10.00,BKN,null
ORD,2026-04-16 15:51,-87.9316,41.9602,71.00,54.96,280.00,12.00,0.00,10.00,BKN,null
MDW,2026-04-16 15:53,-87.7524,41.7860,74.00,53.42,270.00,12.00,0.00,10.00,FEW,null
IGQ,2026-04-16 15:55,-87.5295,41.5349,70.70,64.18,280.00,13.00,0.00,10.00,SCT,null
ORD,2026-04-16 16:51,-87.9316,41.9602,74.00,47.89,60.00,8.00,0.00,10.00,BKN,null
MDW,2026-04-16 16:53,-87.7524,41.7860,67.00,72.85,70.00,11.00,0.00,10.00,BKN,null
IGQ,2026-04-16 16:55,-87.5295,41.5349,71.60,58.97,270.00,14.00,0.00,10.00,BKN,null
ORD,2026-04-16 17:51,-87.9316,41.9602,64.00,72.54,50.00,11.00,0.00,10.00,BKN,null
MDW,2026-04-16 17:53,-87.7524,41.7860,67.00,72.85,80.00,8.00,0.00,10.00,FEW,null
IGQ,2026-04-16 17:55,-87.5295,41.5349,67.00,66.80,40.00,5.00,0.00,10.00,SCT,null
ORD,2026-04-16 18:51,-87.9316,41.9602,59.00,80.47,80.00,6.00,0.00,10.00,FEW,null
MDW,2026-04-16 18:53,-87.7524,41.7860,62.00,80.70,90.00,10.00,0.00,10.00,FEW,null
IGQ,2026-04-16 18:55,-87.5295,41.5349,64.00,74.68,40.00,8.00,0.00,10.00,CLR,null
ORD,2026-04-16 19:51,-87.9316,41.9602,54.00,89.55,40.00,6.00,0.00,10.00,FEW,null
MDW,2026-04-16 19:53,-87.7524,41.7860,56.00,86.40,90.00,8.00,0.00,10.00,FEW,null
IGQ,2026-04-16 19:55,-87.5295,41.5349,54.30,94.31,30.00,7.00,0.00,1.75,BKN,BR
ORD,2026-04-16 20:51,-87.9316,41.9602,53.00,86.23,80.00,6.00,0.00,10.00,FEW,null
MDW,2026-04-16 20:53,-87.7524,41.7860,52.00,92.86,90.00,8.00,0.00,2.50,BKN,BR
IGQ,2026-04-16 20:55,-87.5295,41.5349,49.50,98.15,30.00,5.00,0.00,1.25,OVC,BR
ORD,2026-04-16 21:51,-87.9316,41.9602,51.00,92.83,110.00,5.00,0.00,10.00,FEW,null
MDW,2026-04-16 21:53,-87.7524,41.7860,51.00,92.83,110.00,5.00,0.00,5.00,OVC,BR
IGQ,2026-04-16 21:55,-87.5295,41.5349,48.40,100.00,0.00,0.00,0.00,0.75,OVC,BR
ORD,2026-04-16 22:51,-87.9316,41.9602,51.00,92.83,100.00,4.00,0.00,9.00,SCT,null
MDW,2026-04-16 22:53,-87.7524,41.7860,51.00,96.36,90.00,5.00,0.00,1.50,OVC,BR
IGQ,2026-04-16 22:55,-87.5295,41.5349,48.00,100.00,0.00,0.00,0.00,0.25,OVC,FG
ORD,2026-04-16 23:51,-87.9316,41.9602,50.00,96.34,80.00,5.00,0.00,1.00,BKN,BR
MDW,2026-04-16 23:53,-87.7524,41.7860,50.00,100.00,70.00,5.00,0.00,0.75,OVC,BR
IGQ,2026-04-16 23:55,-87.5295,41.5349,47.50,100.00,0.00,0.00,0.00,0.25,OVC,FG
ORD,2026-04-17 00:51,-87.9316,41.9602,49.00,96.32,90.00,4.00,0.00,0.25,OVC,FG
MDW,2026-04-17 00:53,-87.7524,41.7860,50.00,96.34,90.00,3.00,0.00,0.25,VV ,FG
IGQ,2026-04-17 00:55,-87.5295,41.5349,47.30,100.00,0.00,0.00,0.00,0.25,OVC,FG
ORD,2026-04-17 01:51,-87.9316,41.9602,49.00,100.00,90.00,3.00,0.00,0.12,VV ,FG
MDW,2026-04-17 01:53,-87.7524,41.7860,49.00,100.00,120.00,3.00,0.00,0.50,OVC,FG
IGQ,2026-04-17 01:55,-87.5295,41.5349,47.00,100.00,0.00,0.00,0.00,0.25,OVC,FG
ORD,2026-04-17 02:51,-87.9316,41.9602,49.00,100.00,90.00,4.00,0.00,0.50,BKN,FG
MDW,2026-04-17 02:53,-87.7524,41.7860,49.00,100.00,110.00,3.00,0.00,0.25,VV ,FG
IGQ,2026-04-17 02:55,-87.5295,41.5349,47.00,100.00,0.00,0.00,0.00,0.25,OVC,FG
ORD,2026-04-17 03:51,-87.9316,41.9602,49.00,96.32,130.00,3.00,0.00,0.50,BKN,FG
MDW,2026-04-17 03:53,-87.7524,41.7860,48.00,100.00,150.00,4.00,0.00,0.25,OVC,FG
IGQ,2026-04-17 03:55,-87.5295,41.5349,47.30,100.00,0.00,0.00,0.00,0.25,OVC,FG
ORD,2026-04-17 04:51,-87.9316,41.9602,50.00,96.34,100.00,4.00,0.00,0.12,VV ,FG
MDW,2026-04-17 04:53,-87.7524,41.7860,49.00,96.32,100.00,4.00,0.00,2.00,FEW,BR
IGQ,2026-04-17 04:55,-87.5295,41.5349,46.60,100.00,0.00,0.00,0.00,0.25,OVC,FG
ORD,2026-04-17 05:51,-87.9316,41.9602,50.00,96.34,140.00,4.00,0.00,0.50,BKN,FG
MDW,2026-04-17 05:53,-87.7524,41.7860,49.00,96.32,130.00,3.00,0.00,2.00,FEW,BR
IGQ,2026-04-17 05:55,-87.5295,41.5349,46.60,100.00,0.00,0.00,0.00,2.50,CLR,BR
ORD,2026-04-17 06:51,-87.9316,41.9602,50.00,100.00,140.00,4.00,0.00,2.00,FEW,BR
MDW,2026-04-17 06:53,-87.7524,41.7860,51.00,96.36,120.00,3.00,0.00,2.00,FEW,BR
IGQ,2026-04-17 06:55,-87.5295,41.5349,48.40,100.00,0.00,0.00,0.00,4.00,CLR,BR
ORD,2026-04-17 07:51,-87.9316,41.9602,56.00,86.40,140.00,4.00,0.00,4.00,BKN,BR
MDW,2026-04-17 07:53,-87.7524,41.7860,57.00,83.34,140.00,4.00,0.00,7.00,BKN,null
IGQ,2026-04-17 07:55,-87.5295,41.5349,57.00,100.00,150.00,4.00,0.00,10.00,CLR,null
ORD,2026-04-17 08:51,-87.9316,41.9602,62.00,75.03,150.00,9.00,0.00,7.00,BKN,null
MDW,2026-04-17 08:53,-87.7524,41.7860,65.00,67.55,160.00,9.00,0.00,10.00,BKN,null
IGQ,2026-04-17 08:55,-87.5295,41.5349,66.40,68.20,150.00,6.00,0.00,10.00,CLR,null
ORD,2026-04-17 09:51,-87.9316,41.9602,68.00,65.48,150.00,9.00,0.00,10.00,BKN,null
MDW,2026-04-17 09:53,-87.7524,41.7860,70.00,63.40,160.00,10.00,0.00,10.00,FEW,null
IGQ,2026-04-17 09:55,-87.5295,41.5349,69.40,64.71,150.00,6.00,0.00,10.00,CLR,null
ORD,2026-04-17 10:51,-87.9316,41.9602,72.00,63.65,160.00,7.00,0.00,10.00,BKN,null
MDW,2026-04-17 10:53,-87.7524,41.7860,73.00,61.54,190.00,12.00,0.00,10.00,FEW,null
IGQ,2026-04-17 10:55,-87.5295,41.5349,70.50,69.40,190.00,13.00,0.00,10.00,CLR,null
ORD,2026-04-17 11:51,-87.9316,41.9602,73.00,66.08,170.00,14.00,0.00,10.00,BKN,null
MDW,2026-04-17 11:53,-87.7524,41.7860,75.00,61.80,170.00,12.00,0.00,10.00,FEW,null
IGQ,2026-04-17 11:55,-87.5295,41.5349,74.30,64.39,170.00,14.00,0.00,10.00,CLR,null
ORD,2026-04-17 12:51,-87.9316,41.9602,77.00,57.83,180.00,12.00,0.00,10.00,FEW,null
MDW,2026-04-17 12:53,-87.7524,41.7860,78.00,57.97,180.00,17.00,0.00,10.00,FEW,null
IGQ,2026-04-17 12:55,-87.5295,41.5349,77.00,60.33,190.00,15.00,0.00,10.00,SCT,null
ORD,2026-04-17 13:51,-87.9316,41.9602,77.00,59.91,170.00,14.00,0.00,10.00,FEW,null
MDW,2026-04-17 13:53,-87.7524,41.7860,80.00,54.29,180.00,17.00,0.00,10.00,FEW,null
IGQ,2026-04-17 13:55,-87.5295,41.5349,77.50,58.31,170.00,15.00,0.00,10.00,SCT,null
ORD,2026-04-17 14:51,-87.9316,41.9602,78.00,55.95,170.00,18.00,0.00,10.00,SCT,null
MDW,2026-04-17 14:53,-87.7524,41.7860,80.00,54.29,180.00,21.00,0.00,10.00,SCT,null
IGQ,2026-04-17 14:55,-87.5295,41.5349,79.30,55.54,170.00,16.00,0.00,10.00,SCT,null
ORD,2026-04-17 15:51,-87.9316,41.9602,80.00,50.57,180.00,12.00,0.00,10.00,SCT,null
MDW,2026-04-17 15:53,-87.7524,41.7860,81.00,48.95,170.00,21.00,0.00,10.00,SCT,null
IGQ,2026-04-17 15:55,-87.5295,41.5349,80.80,51.05,180.00,22.00,0.00,10.00,SCT,null
ORD,2026-04-17 16:51,-87.9316,41.9602,80.00,50.57,180.00,20.00,0.00,10.00,SCT,null
MDW,2026-04-17 16:53,-87.7524,41.7860,81.00,50.72,180.00,21.00,0.00,10.00,SCT,null
IGQ,2026-04-17 16:55,-87.5295,41.5349,80.00,51.66,180.00,21.00,0.00,10.00,BKN,null
ORD,2026-04-17 17:51,-87.9316,41.9602,79.00,54.14,170.00,20.00,0.00,10.00,SCT,null
MDW,2026-04-17 17:53,-87.7524,41.7860,80.00,54.29,180.00,17.00,0.00,10.00,FEW,null
IGQ,2026-04-17 17:55,-87.5295,41.5349,77.00,57.83,180.00,18.00,0.00,10.00,SCT,null
ORD,2026-04-17 18:51,-87.9316,41.9602,78.00,57.97,170.00,18.00,0.00,10.00,FEW,null
MDW,2026-04-17 18:53,-87.7524,41.7860,79.00,56.09,180.00,20.00,0.00,10.00,FEW,null
IGQ,2026-04-17 18:55,-87.5295,41.5349,76.00,61.28,180.00,15.00,0.00,10.00,CLR,null
ORD,2026-04-17 19:51,-87.9316,41.9602,77.00,62.06,160.00,17.00,0.00,10.00,SCT,null
MDW,2026-04-17 19:53,-87.7524,41.7860,78.00,57.97,180.00,16.00,0.00,10.00,FEW,null
IGQ,2026-04-17 19:55,-87.5295,41.5349,75.20,60.96,180.00,14.00,0.00,10.00,SCT,null
ORD,2026-04-17 20:51,-87.9316,41.9602,74.00,73.54,160.00,9.00,0.01,8.00,BKN,-TSRA
MDW,2026-04-17 20:53,-87.7524,41.7860,76.00,66.43,170.00,17.00,0.0001,10.00,SCT,-RA
IGQ,2026-04-17 20:55,-87.5295,41.5349,75.00,61.36,180.00,14.00,0.00,10.00,SCT,null
ORD,2026-04-17 21:51,-87.9316,41.9602,65.00,83.86,240.00,13.00,0.18,3.00,BKN,+TSRA BR
MDW,2026-04-17 21:53,-87.7524,41.7860,75.00,68.68,190.00,14.00,0.03,10.00,FEW,-TSRA
IGQ,2026-04-17 21:55,-87.5295,41.5349,74.00,65.50,180.00,17.00,0.00,10.00,SCT,null
ORD,2026-04-17 22:51,-87.9316,41.9602,63.00,89.94,230.00,13.00,0.19,5.00,FEW,TSRA BR
MDW,2026-04-17 22:53,-87.7524,41.7860,62.00,93.16,240.00,15.00,0.77,3.00,BKN,TSRA BR
IGQ,2026-04-17 22:55,-87.5295,41.5349,61.00,91.81,280.00,18.00,0.00,3.00,SCT,RA
ORD,2026-04-17 23:51,-87.9316,41.9602,62.00,89.89,210.00,12.00,0.12,10.00,SCT,-RA
MDW,2026-04-17 23:53,-87.7524,41.7860,62.00,93.16,210.00,10.00,0.09,8.00,OVC,-RA
IGQ,2026-04-17 23:55,-87.5295,41.5349,61.70,89.56,270.00,8.00,0.00,10.00,BKN,-RA
ORD,2026-04-18 00:51,-87.9316,41.9602,63.00,86.79,230.00,16.00,0.0001,10.00,FEW,-RA
MDW,2026-04-18 00:53,-87.7524,41.7860,63.00,86.79,240.00,16.00,0.0001,10.00,OVC,-RA
IGQ,2026-04-18 00:55,-87.5295,41.5349,61.30,90.84,220.00,12.00,0.00,10.00,OVC,-RA
ORD,2026-04-18 01:51,-87.9316,41.9602,62.00,89.89,210.00,7.00,0.08,5.00,BKN,RA BR
MDW,2026-04-18 01:53,-87.7524,41.7860,62.00,89.89,200.00,10.00,0.02,8.00,FEW,-RA
IGQ,2026-04-18 01:55,-87.5295,41.5349,60.30,94.12,220.00,6.00,0.00,10.00,SCT,-RA
ORD,2026-04-18 02:51,-87.9316,41.9602,61.00,89.85,220.00,17.00,0.03,10.00,FEW,null
MDW,2026-04-18 02:53,-87.7524,41.7860,61.00,93.13,210.00,13.00,0.02,8.00,SCT,-DZ
IGQ,2026-04-18 02:55,-87.5295,41.5349,59.40,96.14,210.00,12.00,0.03,10.00,SCT,-RA
ORD,2026-04-18 03:51,-87.9316,41.9602,56.00,89.64,260.00,13.00,0.00,10.00,BKN,null
MDW,2026-04-18 03:53,-87.7524,41.7860,59.00,89.77,230.00,11.00,0.02,10.00,SCT,null
IGQ,2026-04-18 03:55,-87.5295,41.5349,59.50,95.80,220.00,12.00,0.00,3.00,BKN,+DZ
ORD,2026-04-18 04:51,-87.9316,41.9602,51.00,86.12,260.00,14.00,0.00,10.00,OVC,null
MDW,2026-04-18 04:53,-87.7524,41.7860,53.00,92.89,280.00,13.00,0.00,10.00,OVC,null
IGQ,2026-04-18 04:55,-87.5295,41.5349,54.70,91.59,270.00,17.00,0.00,10.00,BKN,null
ORD,2026-04-18 05:51,-87.9316,41.9602,49.00,82.79,280.00,14.00,0.00,10.00,OVC,null
MDW,2026-04-18 05:53,-87.7524,41.7860,50.00,86.06,280.00,15.00,0.00,9.00,OVC,null
IGQ,2026-04-18 05:55,-87.5295,41.5349,50.70,92.48,280.00,16.00,0.00,10.00,OVC,null
ORD,2026-04-18 06:51,-87.9316,41.9602,47.00,76.49,270.00,14.00,0.00,10.00,BKN,null
MDW,2026-04-18 06:53,-87.7524,41.7860,48.00,76.58,280.00,14.00,0.00,10.00,OVC,null
IGQ,2026-04-18 06:55,-87.5295,41.5349,48.20,86.62,280.00,15.00,0.00,10.00,OVC,null
ORD,2026-04-18 07:51,-87.9316,41.9602,46.00,67.89,290.00,14.00,0.00,10.00,SCT,null
MDW,2026-04-18 07:53,-87.7524,41.7860,46.00,67.89,290.00,17.00,0.00,10.00,SCT,null
IGQ,2026-04-18 07:55,-87.5295,41.5349,46.40,75.84,290.00,8.00,0.00,10.00,OVC,null
ORD,2026-04-18 08:51,-87.9316,41.9602,45.00,67.77,280.00,14.00,0.00,10.00,SCT,null
MDW,2026-04-18 08:53,-87.7524,41.7860,46.00,67.89,280.00,15.00,0.00,10.00,FEW,null
IGQ,2026-04-18 08:55,-87.5295,41.5349,46.00,69.79,290.00,10.00,0.00,10.00,OVC,null
ORD,2026-04-18 09:51,-87.9316,41.9602,44.00,64.99,290.00,13.00,0.00,10.00,FEW,null
MDW,2026-04-18 09:53,-87.7524,41.7860,45.00,67.77,260.00,15.00,0.00,10.00,FEW,null
IGQ,2026-04-18 09:55,-87.5295,41.5349,45.50,66.49,270.00,11.00,0.00,10.00,OVC,null
ORD,2026-04-18 10:51,-87.9316,41.9602,45.00,60.09,280.00,13.00,0.00,10.00,SCT,null
MDW,2026-04-18 10:53,-87.7524,41.7860,47.00,58.00,290.00,14.00,0.00,10.00,FEW,null
IGQ,2026-04-18 10:55,-87.5295,41.5349,46.00,62.69,270.00,11.00,0.00,10.00,SCT,null
ORD,2026-04-18 11:51,-87.9316,41.9602,46.00,55.56,280.00,15.00,0.00,10.00,SCT,null
MDW,2026-04-18 11:53,-87.7524,41.7860,47.00,53.50,290.00,15.00,0.00,10.00,FEW,null
IGQ,2026-04-18 11:55,-87.5295,41.5349,48.60,56.40,280.00,14.00,0.00,10.00,CLR,null
ORD,2026-04-18 12:51,-87.9316,41.9602,48.00,49.48,270.00,14.00,0.00,10.00,SCT,null
MDW,2026-04-18 12:53,-87.7524,41.7860,48.00,51.53,290.00,15.00,0.00,10.00,FEW,null
IGQ,2026-04-18 12:55,-87.5295,41.5349,49.50,53.45,260.00,20.00,0.00,10.00,SCT,null
ORD,2026-04-18 13:51,-87.9316,41.9602,49.00,47.66,270.00,13.00,0.00,10.00,FEW,null
MDW,2026-04-18 13:53,-87.7524,41.7860,49.00,47.66,270.00,15.00,0.00,10.00,SCT,null
IGQ,2026-04-18 13:55,-87.5295,41.5349,50.40,49.85,280.00,9.00,0.00,10.00,CLR,null
IGQ,2026-04-18 14:50,-87.5295,41.5349,51.00,48.95,260.00,15.00,0.00,10.00,SCT,null
ORD,2026-04-18 14:51,-87.9316,41.9602,49.00,45.75,260.00,19.00,0.00,10.00,BKN,null
MDW,2026-04-18 14:53,-87.7524,41.7860,50.00,45.91,270.00,16.00,0.00,10.00,BKN,null
ORD,2026-04-18 15:51,-87.9316,41.9602,49.00,45.75,280.00,19.00,0.00,10.00,BKN,null
MDW,2026-04-18 15:53,-87.7524,41.7860,51.00,46.07,280.00,20.00,0.00,10.00,BKN,null
IGQ,2026-04-18 15:55,-87.5295,41.5349,49.00,47.66,270.00,19.00,0.00,10.00,BKN,null
ORD,2026-04-18 16:51,-87.9316,41.9602,49.00,43.91,260.00,19.00,0.00,10.00,SCT,null
MDW,2026-04-18 16:53,-87.7524,41.7860,50.00,40.60,280.00,18.00,0.00,10.00,SCT,null
IGQ,2026-04-18 16:55,-87.5295,41.5349,49.60,45.29,300.00,16.00,0.00,10.00,SCT,null
ORD,2026-04-18 17:51,-87.9316,41.9602,48.00,41.98,290.00,17.00,0.00,10.00,FEW,null
MDW,2026-04-18 17:53,-87.7524,41.7860,48.00,41.98,290.00,25.00,0.00,10.00,FEW,null
IGQ,2026-04-18 17:55,-87.5295,41.5349,49.00,43.91,280.00,18.00,0.00,10.00,SCT,null
ORD,2026-04-18 18:51,-87.9316,41.9602,46.00,39.93,270.00,21.00,0.00,10.00,SCT,null
MDW,2026-04-18 18:53,-87.7524,41.7860,47.00,41.81,280.00,20.00,0.00,10.00,FEW,null
IGQ,2026-04-18 18:55,-87.5295,41.5349,46.60,47.08,290.00,14.00,0.00,10.00,CLR,null
ORD,2026-04-18 19:51,-87.9316,41.9602,45.00,45.10,280.00,12.00,0.00,10.00,FEW,null
MDW,2026-04-18 19:53,-87.7524,41.7860,45.00,43.25,290.00,18.00,0.00,10.00,FEW,null
IGQ,2026-04-18 19:55,-87.5295,41.5349,44.80,45.44,300.00,18.00,0.00,10.00,SCT,null
ORD,2026-04-18 20:51,-87.9316,41.9602,44.00,44.93,270.00,12.00,0.00,10.00,FEW,null
MDW,2026-04-18 20:53,-87.7524,41.7860,45.00,43.25,290.00,18.00,0.00,10.00,CLR,null
IGQ,2026-04-18 20:55,-87.5295,41.5349,43.70,46.03,300.00,10.00,0.00,10.00,CLR,null
ORD,2026-04-18 21:51,-87.9316,41.9602,43.00,48.68,270.00,9.00,0.00,10.00,CLR,null
MDW,2026-04-18 21:53,-87.7524,41.7860,44.00,44.93,280.00,9.00,0.00,10.00,CLR,null
IGQ,2026-04-18 21:55,-87.5295,41.5349,43.00,47.87,300.00,9.00,0.00,10.00,CLR,null
ORD,2026-04-18 22:51,-87.9316,41.9602,42.00,50.59,260.00,6.00,0.00,10.00,CLR,null
MDW,2026-04-18 22:53,-87.7524,41.7860,43.00,48.68,280.00,10.00,0.00,10.00,CLR,null
IGQ,2026-04-18 22:55,-87.5295,41.5349,42.00,49.75,280.00,8.00,0.00,10.00,CLR,null
ORD,2026-04-18 23:51,-87.9316,41.9602,42.00,48.52,270.00,5.00,0.00,10.00,CLR,null
MDW,2026-04-18 23:53,-87.7524,41.7860,42.00,48.52,290.00,6.00,0.00,10.00,CLR,null
IGQ,2026-04-18 23:55,-87.5295,41.5349,40.00,56.28,280.00,4.00,0.00,10.00,CLR,null
ORD,2026-04-19 00:51,-87.9316,41.9602,40.00,56.98,250.00,5.00,0.00,10.00,CLR,null
MDW,2026-04-19 00:53,-87.7524,41.7860,40.00,54.66,260.00,6.00,0.00,10.00,CLR,null
IGQ,2026-04-19 00:55,-87.5295,41.5349,37.80,63.66,250.00,5.00,0.00,10.00,CLR,null
ORD,2026-04-19 01:51,-87.9316,41.9602,39.00,59.25,240.00,5.00,0.00,10.00,CLR,null
MDW,2026-04-19 01:53,-87.7524,41.7860,39.00,59.25,240.00,5.00,0.00,10.00,CLR,null
IGQ,2026-04-19 01:55,-87.5295,41.5349,36.00,72.41,240.00,4.00,0.00,10.00,CLR,null
ORD,2026-04-19 02:51,-87.9316,41.9602,38.00,61.62,240.00,6.00,0.00,10.00,CLR,null
MDW,2026-04-19 02:53,-87.7524,41.7860,39.00,59.25,250.00,6.00,0.00,10.00,CLR,null
IGQ,2026-04-19 02:55,-87.5295,41.5349,34.00,80.37,230.00,4.00,0.00,10.00,CLR,null
ORD,2026-04-19 03:51,-87.9316,41.9602,37.00,66.80,230.00,5.00,0.00,10.00,CLR,null
MDW,2026-04-19 03:53,-87.7524,41.7860,38.00,61.62,230.00,5.00,0.00,10.00,CLR,null
IGQ,2026-04-19 03:55,-87.5295,41.5349,33.00,85.03,220.00,3.00,0.00,10.00,CLR,null
ORD,2026-04-19 04:51,-87.9316,41.9602,37.00,64.09,230.00,6.00,0.00,10.00,CLR,null
MDW,2026-04-19 04:53,-87.7524,41.7860,38.00,64.22,250.00,6.00,0.00,10.00,CLR,null
IGQ,2026-04-19 04:55,-87.5295,41.5349,32.00,84.97,220.00,3.00,0.00,10.00,CLR,null
ORD,2026-04-19 05:51,-87.9316,41.9602,36.00,69.49,230.00,5.00,0.00,10.00,CLR,null
MDW,2026-04-19 05:53,-87.7524,41.7860,38.00,66.92,230.00,5.00,0.00,10.00,CLR,null
IGQ,2026-04-19 05:55,-87.5295,41.5349,32.50,83.27,0.00,0.00,0.00,10.00,CLR,null
ORD,2026-04-19 06:51,-87.9316,41.9602,37.00,66.80,230.00,6.00,0.00,10.00,FEW,null
MDW,2026-04-19 06:53,-87.7524,41.7860,38.00,69.72,230.00,5.00,0.00,10.00,FEW,null
IGQ,2026-04-19 06:55,-87.5295,41.5349,34.00,81.69,230.00,4.00,0.00,10.00,CLR,null
ORD,2026-04-19 07:51,-87.9316,41.9602,41.00,57.13,240.00,6.00,0.00,10.00,FEW,null
MDW,2026-04-19 07:53,-87.7524,41.7860,41.00,57.13,240.00,7.00,0.00,10.00,FEW,null
IGQ,2026-04-19 07:55,-87.5295,41.5349,41.00,62.02,260.00,7.00,0.00,10.00,CLR,null
ORD,2026-04-19 08:51,-87.9316,41.9602,44.00,48.84,240.00,7.00,0.00,10.00,BKN,null
MDW,2026-04-19 08:53,-87.7524,41.7860,44.00,48.84,260.00,7.00,0.00,10.00,SCT,null
IGQ,2026-04-19 08:55,-87.5295,41.5349,44.60,47.73,270.00,8.00,0.00,10.00,SCT,null
ORD,2026-04-19 09:51,-87.9316,41.9602,46.00,33.69,260.00,15.00,0.00,10.00,FEW,null
MDW,2026-04-19 09:53,-87.7524,41.7860,49.00,35.67,280.00,10.00,0.00,10.00,FEW,null
IGQ,2026-04-19 09:55,-87.5295,41.5349,47.70,38.57,270.00,10.00,0.00,10.00,SCT,null
ORD,2026-04-19 10:51,-87.9316,41.9602,48.00,37.03,290.00,12.00,0.00,10.00,FEW,null
MDW,2026-04-19 10:53,-87.7524,41.7860,48.00,35.50,260.00,16.00,0.00,10.00,SCT,null
IGQ,2026-04-19 10:55,-87.5295,41.5349,49.50,32.45,270.00,15.00,0.00,10.00,SCT,null
ORD,2026-04-19 11:51,-87.9316,41.9602,44.00,53.04,270.00,15.00,0.0001,10.00,BKN,-RA
MDW,2026-04-19 11:53,-87.7524,41.7860,48.00,38.62,260.00,15.00,0.00,10.00,BKN,null
IGQ,2026-04-19 11:55,-87.5295,41.5349,50.00,35.84,290.00,12.00,0.00,10.00,BKN,null
ORD,2026-04-19 12:51,-87.9316,41.9602,48.00,41.98,270.00,16.00,0.0001,10.00,SCT,null
MDW,2026-04-19 12:53,-87.7524,41.7860,50.00,42.31,280.00,14.00,0.00,10.00,SCT,null
IGQ,2026-04-19 12:55,-87.5295,41.5349,48.40,42.39,280.00,13.00,0.00,10.00,SCT,null
ORD,2026-04-19 13:51,-87.9316,41.9602,43.00,70.29,260.00,7.00,0.01,10.00,FEW,-RA
MDW,2026-04-19 13:53,-87.7524,41.7860,44.00,67.65,340.00,22.00,0.0001,10.00,SCT,-RA
IGQ,2026-04-19 13:55,-87.5295,41.5349,50.00,46.29,270.00,19.00,0.00,10.00,SCT,null
ORD,2026-04-19 14:51,-87.9316,41.9602,48.00,47.50,310.00,11.00,0.0001,10.00,FEW,null
MDW,2026-04-19 14:53,-87.7524,41.7860,48.00,60.51,270.00,13.00,0.01,10.00,FEW,null
IGQ,2026-04-19 14:55,-87.5295,41.5349,39.20,81.43,270.00,11.00,0.00,4.00,SCT,RA
ORD,2026-04-19 15:51,-87.9316,41.9602,46.00,55.56,340.00,16.00,0.0001,10.00,SCT,null
MDW,2026-04-19 15:53,-87.7524,41.7860,49.00,43.91,300.00,12.00,0.0001,10.00,SCT,-RA
IGQ,2026-04-19 15:55,-87.5295,41.5349,47.70,57.87,290.00,10.00,0.00,10.00,SCT,null
ORD,2026-04-19 16:51,-87.9316,41.9602,48.00,37.03,320.00,9.00,0.00,10.00,FEW,null
MDW,2026-04-19 16:53,-87.7524,41.7860,48.00,43.75,360.00,10.00,0.0001,10.00,FEW,null
IGQ,2026-04-19 16:55,-87.5295,41.5349,42.40,66.38,10.00,11.00,0.00,10.00,SCT,null
ORD,2026-04-19 17:51,-87.9316,41.9602,47.00,41.81,330.00,11.00,0.00,10.00,SCT,null
MDW,2026-04-19 17:53,-87.7524,41.7860,49.00,35.67,340.00,10.00,0.00,10.00,SCT,null
IGQ,2026-04-19 17:55,-87.5295,41.5349,44.00,62.43,20.00,5.00,0.00,10.00,CLR,null
ORD,2026-04-19 18:51,-87.9316,41.9602,46.00,41.64,360.00,8.00,0.00,10.00,BKN,null
MDW,2026-04-19 18:53,-87.7524,41.7860,45.00,62.56,100.00,8.00,0.0001,10.00,BKN,null
IGQ,2026-04-19 18:55,-87.5295,41.5349,42.40,63.75,50.00,6.00,0.00,10.00,SCT,null
ORD,2026-04-19 19:51,-87.9316,41.9602,46.00,30.91,340.00,7.00,0.00,10.00,SCT,null
MDW,2026-04-19 19:53,-87.7524,41.7860,44.00,62.43,110.00,6.00,0.00,10.00,FEW,null
IGQ,2026-04-19 19:55,-87.5295,41.5349,41.00,67.29,90.00,3.00,0.00,10.00,BKN,null
ORD,2026-04-19 20:51,-87.9316,41.9602,43.00,48.68,0.00,0.00,0.00,10.00,FEW,null
MDW,2026-04-19 20:53,-87.7524,41.7860,43.00,62.29,90.00,5.00,0.00,10.00,SCT,null
IGQ,2026-04-19 20:55,-87.5295,41.5349,40.60,66.15,0.00,0.00,0.00,10.00,CLR,null
ORD,2026-04-19 21:51,-87.9316,41.9602,40.00,64.48,100.00,4.00,0.00,10.00,BKN,null
MDW,2026-04-19 21:53,-87.7524,41.7860,42.00,62.16,80.00,7.00,0.00,10.00,BKN,null
IGQ,2026-04-19 21:55,-87.5295,41.5349,39.20,72.16,110.00,3.00,0.00,10.00,SCT,null
ORD,2026-04-19 22:51,-87.9316,41.9602,40.00,59.39,90.00,6.00,0.00,10.00,SCT,null
MDW,2026-04-19 22:53,-87.7524,41.7860,42.00,59.67,100.00,5.00,0.00,10.00,BKN,null
IGQ,2026-04-19 22:55,-87.5295,41.5349,38.50,68.37,90.00,3.00,0.00,10.00,SCT,null
ORD,2026-04-19 23:51,-87.9316,41.9602,40.00,56.98,80.00,4.00,0.00,10.00,FEW,null
MDW,2026-04-19 23:53,-87.7524,41.7860,41.00,62.02,100.00,3.00,0.00,10.00,CLR,null
IGQ,2026-04-19 23:55,-87.5295,41.5349,34.70,88.30,0.00,0.00,0.00,10.00,SCT,null
ORD,2026-04-20 00:51,-87.9316,41.9602,39.00,61.75,0.00,0.00,0.00,10.00,CLR,null
MDW,2026-04-20 00:53,-87.7524,41.7860,40.00,61.89,0.00,0.00,0.00,10.00,CLR,null
IGQ,2026-04-20 00:55,-87.5295,41.5349,34.00,90.80,0.00,0.00,0.00,10.00,SCT,null
ORD,2026-04-20 01:51,-87.9316,41.9602,37.00,69.60,0.00,0.00,0.00,10.00,CLR,null
MDW,2026-04-20 01:53,-87.7524,41.7860,39.00,64.35,0.00,0.00,0.00,10.00,CLR,null
IGQ,2026-04-20 01:55,-87.5295,41.5349,32.00,94.88,0.00,0.00,0.00,10.00,CLR,null
ORD,2026-04-20 02:51,-87.9316,41.9602,35.00,78.50,240.00,3.00,0.00,10.00,CLR,null
MDW,2026-04-20 02:53,-87.7524,41.7860,38.00,69.72,180.00,3.00,0.00,10.00,CLR,null
IGQ,2026-04-20 02:55,-87.5295,41.5349,32.00,93.73,0.00,0.00,0.00,10.00,CLR,null
ORD,2026-04-20 03:51,-87.9316,41.9602,34.00,78.41,0.00,0.00,0.00,10.00,CLR,null
MDW,2026-04-20 03:53,-87.7524,41.7860,38.00,69.72,210.00,3.00,0.00,10.00,CLR,null
IGQ,2026-04-20 03:55,-87.5295,41.5349,30.00,96.00,0.00,0.00,0.00,5.00,CLR,BR
ORD,2026-04-20 04:51,-87.9316,41.9602,35.00,81.77,0.00,0.00,0.00,10.00,CLR,null
MDW,2026-04-20 04:53,-87.7524,41.7860,37.00,75.54,0.00,0.00,0.00,10.00,CLR,null
IGQ,2026-04-20 04:55,-87.5295,41.5349,30.70,97.19,0.00,0.00,0.00,7.00,CLR,null
ORD,2026-04-20 05:51,-87.9316,41.9602,36.00,72.41,20.00,3.00,0.00,10.00,CLR,null
MDW,2026-04-20 05:53,-87.7524,41.7860,37.00,75.54,100.00,5.00,0.00,10.00,CLR,null
IGQ,2026-04-20 05:55,-87.5295,41.5349,31.50,100.00,0.00,0.00,0.00,7.00,CLR,null
ORD,2026-04-20 06:51,-87.9316,41.9602,37.00,75.54,110.00,3.00,0.00,10.00,FEW,null
MDW,2026-04-20 06:53,-87.7524,41.7860,38.00,72.62,140.00,3.00,0.00,10.00,FEW,null
IGQ,2026-04-20 06:55,-87.5295,41.5349,30.40,94.45,0.00,0.00,0.00,10.00,CLR,null
ORD,2026-04-20 07:51,-87.9316,41.9602,41.00,62.02,120.00,5.00,0.00,10.00,FEW,null
MDW,2026-04-20 07:53,-87.7524,41.7860,41.00,64.61,120.00,6.00,0.00,10.00,SCT,null
IGQ,2026-04-20 07:55,-87.5295,41.5349,37.40,77.44,110.00,3.00,0.00,10.00,CLR,null
ORD,2026-04-20 08:51,-87.9316,41.9602,44.00,55.26,130.00,6.00,0.00,10.00,FEW,null
MDW,2026-04-20 08:53,-87.7524,41.7860,43.00,42.92,140.00,5.00,0.00,10.00,FEW,null
IGQ,2026-04-20 08:55,-87.5295,41.5349,42.80,54.86,170.00,5.00,0.00,10.00,CLR,null
ORD,2026-04-20 09:51,-87.9316,41.9602,44.00,46.85,170.00,7.00,0.00,10.00,SCT,null
MDW,2026-04-20 09:53,-87.7524,41.7860,46.00,38.28,0.00,0.00,0.00,10.00,FEW,null
IGQ,2026-04-20 09:55,-87.5295,41.5349,46.00,41.64,90.00,3.00,0.00,10.00,CLR,null
ORD,2026-04-20 10:51,-87.9316,41.9602,48.00,37.03,190.00,5.00,0.00,10.00,FEW,null
MDW,2026-04-20 10:53,-87.7524,41.7860,47.00,31.08,180.00,3.00,0.00,10.00,FEW,null
IGQ,2026-04-20 10:55,-87.5295,41.5349,46.60,32.94,0.00,0.00,0.00,10.00,CLR,null
ORD,2026-04-20 11:51,-87.9316,41.9602,48.00,31.25,200.00,7.00,0.00,10.00,FEW,null
MDW,2026-04-20 11:53,-87.7524,41.7860,49.00,31.41,140.00,8.00,0.00,10.00,FEW,null
IGQ,2026-04-20 11:55,-87.5295,41.5349,49.30,33.25,230.00,3.00,0.00,10.00,CLR,null
ORD,2026-04-20 12:51,-87.9316,41.9602,51.00,29.16,200.00,7.00,0.00,10.00,FEW,null
MDW,2026-04-20 12:53,-87.7524,41.7860,51.00,27.94,0.00,0.00,0.00,10.00,FEW,null
IGQ,2026-04-20 12:55,-87.5295,41.5349,50.50,32.34,210.00,4.00,0.00,10.00,CLR,null
ORD,2026-04-20 13:51,-87.9316,41.9602,52.00,29.33,220.00,7.00,0.00,10.00,FEW,null
MDW,2026-04-20 13:53,-87.7524,41.7860,51.00,27.94,240.00,5.00,0.00,10.00,FEW,null
IGQ,2026-04-20 13:55,-87.5295,41.5349,51.60,31.85,210.00,8.00,0.00,10.00,CLR,null
ORD,2026-04-20 14:51,-87.9316,41.9602,53.00,30.76,180.00,9.00,0.00,10.00,SCT,null
MDW,2026-04-20 14:53,-87.7524,41.7860,53.00,30.76,220.00,12.00,0.00,10.00,FEW,null
IGQ,2026-04-20 14:55,-87.5295,41.5349,53.60,32.72,210.00,10.00,0.00,10.00,CLR,null
ORD,2026-04-20 15:51,-87.9316,41.9602,55.00,27.41,220.00,12.00,0.00,10.00,SCT,null
MDW,2026-04-20 15:53,-87.7524,41.7860,56.00,28.75,210.00,11.00,0.00,10.00,FEW,null
IGQ,2026-04-20 15:55,-87.5295,41.5349,54.50,32.60,220.00,7.00,0.00,10.00,CLR,null
ORD,2026-04-20 16:51,-87.9316,41.9602,56.00,27.57,190.00,7.00,0.00,10.00,SCT,null
MDW,2026-04-20 16:53,-87.7524,41.7860,56.00,28.75,150.00,11.00,0.00,10.00,FEW,null
IGQ,2026-04-20 16:55,-87.5295,41.5349,54.30,31.89,180.00,9.00,0.00,10.00,CLR,null
ORD,2026-04-20 17:51,-87.9316,41.9602,56.00,28.75,180.00,7.00,0.00,10.00,SCT,null
MDW,2026-04-20 17:53,-87.7524,41.7860,56.00,28.75,190.00,11.00,0.00,10.00,BKN,null
IGQ,2026-04-20 17:55,-87.5295,41.5349,54.00,34.46,200.00,8.00,0.00,10.00,CLR,null
ORD,2026-04-20 18:51,-87.9316,41.9602,55.00,29.82,180.00,11.00,0.00,10.00,SCT,null
MDW,2026-04-20 18:53,-87.7524,41.7860,56.00,27.57,190.00,11.00,0.00,10.00,BKN,null
IGQ,2026-04-20 18:55,-87.5295,41.5349,52.70,35.55,170.00,9.00,0.00,10.00,CLR,null
IGQ,2026-04-20 19:35,-87.5295,41.5349,51.40,37.60,170.00,7.00,0.00,10.00,CLR,null
ORD,2026-04-20 19:51,-87.9316,41.9602,54.00,32.24,170.00,8.00,0.00,10.00,SCT,null
MDW,2026-04-20 19:53,-87.7524,41.7860,55.00,31.09,180.00,10.00,0.00,10.00,FEW,null
ORD,2026-04-20 20:51,-87.9316,41.9602,53.00,34.87,180.00,8.00,0.00,10.00,FEW,null
MDW,2026-04-20 20:53,-87.7524,41.7860,54.00,35.03,180.00,8.00,0.00,10.00,FEW,null
IGQ,2026-04-20 20:55,-87.5295,41.5349,47.30,47.19,170.00,7.00,0.00,10.00,CLR,null
ORD,2026-04-20 21:51,-87.9316,41.9602,52.00,37.70,190.00,11.00,0.00,10.00,FEW,null
MDW,2026-04-20 21:53,-87.7524,41.7860,53.00,36.34,190.00,8.00,0.00,10.00,FEW,null
IGQ,2026-04-20 21:55,-87.5295,41.5349,46.80,49.69,180.00,7.00,0.00,10.00,CLR,null
ORD,2026-04-20 22:51,-87.9316,41.9602,51.00,39.12,180.00,9.00,0.00,10.00,BKN,null
MDW,2026-04-20 22:53,-87.7524,41.7860,51.00,40.76,180.00,9.00,0.00,10.00,SCT,null
IGQ,2026-04-20 22:55,-87.5295,41.5349,45.70,53.30,170.00,7.00,0.00,10.00,CLR,null
ORD,2026-04-20 23:51,-87.9316,41.9602,50.00,42.31,170.00,9.00,0.00,10.00,BKN,null
MDW,2026-04-20 23:53,-87.7524,41.7860,51.00,42.47,170.00,8.00,0.00,10.00,BKN,null
IGQ,2026-04-20 23:55,-87.5295,41.5349,46.80,49.69,160.00,7.00,0.00,10.00,CLR,null
ORD,2026-04-21 00:51,-87.9316,41.9602,51.00,40.76,190.00,8.00,0.00,10.00,BKN,null
MDW,2026-04-21 00:53,-87.7524,41.7860,50.00,44.08,180.00,8.00,0.00,10.00,BKN,null
IGQ,2026-04-21 00:55,-87.5295,41.5349,47.00,49.32,180.00,7.00,0.00,10.00,CLR,null
ORD,2026-04-21 01:51,-87.9316,41.9602,51.00,40.76,190.00,10.00,0.00,10.00,BKN,null
MDW,2026-04-21 01:53,-87.7524,41.7860,51.00,40.76,190.00,9.00,0.00,10.00,OVC,null
IGQ,2026-04-21 01:55,-87.5295,41.5349,46.00,53.35,180.00,8.00,0.00,10.00,CLR,null
ORD,2026-04-21 02:51,-87.9316,41.9602,51.00,44.24,180.00,9.00,0.00,10.00,BKN,null
MDW,2026-04-21 02:53,-87.7524,41.7860,50.00,44.08,180.00,8.00,0.00,10.00,SCT,null
IGQ,2026-04-21 02:55,-87.5295,41.5349,46.00,53.35,170.00,7.00,0.00,10.00,CLR,null
ORD,2026-04-21 03:51,-87.9316,41.9602,51.00,44.24,190.00,10.00,0.00,10.00,BKN,null
MDW,2026-04-21 03:53,-87.7524,41.7860,51.00,44.24,190.00,10.00,0.00,10.00,SCT,null
IGQ,2026-04-21 03:55,-87.5295,41.5349,46.00,53.35,190.00,9.00,0.00,10.00,CLR,null
ORD,2026-04-21 04:51,-87.9316,41.9602,51.00,49.95,190.00,9.00,0.00,10.00,SCT,null
MDW,2026-04-21 04:53,-87.7524,41.7860,50.00,51.84,200.00,10.00,0.00,10.00,BKN,null
IGQ,2026-04-21 04:55,-87.5295,41.5349,45.00,60.09,190.00,6.00,0.00,10.00,CLR,null
ORD,2026-04-21 05:51,-87.9316,41.9602,51.00,54.10,200.00,9.00,0.00,10.00,SCT,null
MDW,2026-04-21 05:53,-87.7524,41.7860,50.00,58.42,200.00,11.00,0.00,10.00,SCT,null
IGQ,2026-04-21 05:55,-87.5295,41.5349,46.00,62.19,200.00,9.00,0.00,10.00,CLR,null
ORD,2026-04-21 06:51,-87.9316,41.9602,52.00,58.71,200.00,9.00,0.00,10.00,BKN,null
MDW,2026-04-21 06:53,-87.7524,41.7860,51.00,60.92,200.00,10.00,0.00,10.00,BKN,null
IGQ,2026-04-21 06:55,-87.5295,41.5349,48.60,64.04,210.00,12.00,0.00,10.00,CLR,null
ORD,2026-04-21 07:51,-87.9316,41.9602,55.00,56.87,210.00,9.00,0.00,10.00,SCT,null
MDW,2026-04-21 07:53,-87.7524,41.7860,54.00,58.99,200.00,14.00,0.00,10.00,FEW,null
IGQ,2026-04-21 07:55,-87.5295,41.5349,53.00,60.48,210.00,16.00,0.00,10.00,CLR,null
ORD,2026-04-21 08:51,-87.9316,41.9602,60.00,51.34,210.00,14.00,0.00,10.00,FEW,null
MDW,2026-04-21 08:53,-87.7524,41.7860,59.00,53.20,220.00,14.00,0.00,10.00,FEW,null
IGQ,2026-04-21 08:55,-87.5295,41.5349,58.00,56.86,210.00,16.00,0.00,10.00,CLR,null
ORD,2026-04-21 09:51,-87.9316,41.9602,64.00,46.33,230.00,15.00,0.00,10.00,FEW,null
MDW,2026-04-21 09:53,-87.7524,41.7860,65.00,46.49,230.00,15.00,0.00,10.00,FEW,null
IGQ,2026-04-21 09:55,-87.5295,41.5349,64.40,48.20,230.00,16.00,0.00,10.00,CLR,null
ORD,2026-04-21 10:51,-87.9316,41.9602,67.00,45.06,230.00,15.00,0.00,10.00,FEW,null
MDW,2026-04-21 10:53,-87.7524,41.7860,68.00,46.96,230.00,15.00,0.00,10.00,FEW,null
IGQ,2026-04-21 10:55,-87.5295,41.5349,68.00,44.03,230.00,16.00,0.00,10.00,CLR,null
ORD,2026-04-21 11:51,-87.9316,41.9602,69.00,45.37,240.00,18.00,0.00,10.00,FEW,null
MDW,2026-04-21 11:53,-87.7524,41.7860,70.00,43.85,220.00,15.00,0.00,10.00,FEW,null
IGQ,2026-04-21 11:55,-87.5295,41.5349,71.00,43.19,230.00,17.00,0.00,10.00,CLR,null
ORD,2026-04-21 12:51,-87.9316,41.9602,72.00,44.17,210.00,14.00,0.00,10.00,FEW,null
MDW,2026-04-21 12:53,-87.7524,41.7860,73.00,42.70,220.00,20.00,0.00,10.00,FEW,null
IGQ,2026-04-21 12:55,-87.5295,41.5349,73.80,41.57,220.00,18.00,0.00,10.00,CLR,null
ORD,2026-04-21 13:51,-87.9316,41.9602,74.00,41.29,230.00,12.00,0.00,10.00,FEW,null
MDW,2026-04-21 13:53,-87.7524,41.7860,75.00,43.02,230.00,21.00,0.00,10.00,FEW,null
IGQ,2026-04-21 13:55,-87.5295,41.5349,76.00,40.70,230.00,19.00,0.00,10.00,CLR,null
ORD,2026-04-21 14:51,-87.9316,41.9602,72.00,44.17,260.00,14.00,0.00,10.00,SCT,TS
MDW,2026-04-21 14:53,-87.7524,41.7860,74.00,42.86,250.00,15.00,0.00,10.00,FEW,null
IGQ,2026-04-21 14:55,-87.5295,41.5349,77.50,38.15,250.00,18.00,0.00,10.00,CLR,null
ORD,2026-04-21 15:51,-87.9316,41.9602,73.00,46.00,270.00,11.00,0.0001,10.00,BKN,null
MDW,2026-04-21 15:53,-87.7524,41.7860,70.00,56.86,290.00,6.00,0.01,10.00,FEW,TS
IGQ,2026-04-21 15:55,-87.5295,41.5349,73.60,42.80,220.00,15.00,0.00,10.00,SCT,-RA
ORD,2026-04-21 16:51,-87.9316,41.9602,76.00,43.18,270.00,11.00,0.00,10.00,BKN,null
MDW,2026-04-21 16:53,-87.7524,41.7860,73.00,51.37,280.00,8.00,0.00,10.00,FEW,null
IGQ,2026-04-21 16:55,-87.5295,41.5349,65.30,73.20,320.00,5.00,0.00,4.00,OVC,+RA
ORD,2026-04-21 17:51,-87.9316,41.9602,76.00,41.61,260.00,13.00,0.00,10.00,SCT,null
MDW,2026-04-21 17:53,-87.7524,41.7860,75.00,49.82,250.00,7.00,0.00,10.00,BKN,null
IGQ,2026-04-21 17:55,-87.5295,41.5349,63.50,88.37,0.00,0.00,0.00,10.00,BKN,null
ORD,2026-04-21 18:51,-87.9316,41.9602,75.00,43.02,280.00,9.00,0.00,10.00,FEW,null
MDW,2026-04-21 18:53,-87.7524,41.7860,75.00,44.64,280.00,10.00,0.00,10.00,SCT,null
IGQ,2026-04-21 18:55,-87.5295,41.5349,64.00,86.84,160.00,3.00,0.00,10.00,SCT,null
ORD,2026-04-21 19:51,-87.9316,41.9602,72.00,47.58,240.00,4.00,0.00,10.00,FEW,null
MDW,2026-04-21 19:53,-87.7524,41.7860,71.00,52.98,250.00,5.00,0.00,10.00,FEW,null
IGQ,2026-04-21 19:55,-87.5295,41.5349,60.30,95.47,0.00,0.00,0.00,10.00,CLR,null
ORD,2026-04-21 20:51,-87.9316,41.9602,70.00,54.81,220.00,4.00,0.00,10.00,SCT,null
MDW,2026-04-21 20:53,-87.7524,41.7860,71.00,52.98,210.00,6.00,0.00,10.00,FEW,null
IGQ,2026-04-21 20:55,-87.5295,41.5349,58.00,100.00,220.00,4.00,0.00,10.00,CLR,null
ORD,2026-04-21 21:51,-87.9316,41.9602,67.00,60.75,230.00,5.00,0.00,10.00,FEW,null
MDW,2026-04-21 21:53,-87.7524,41.7860,68.00,60.89,220.00,6.00,0.00,10.00,FEW,null
IGQ,2026-04-21 21:55,-87.5295,41.5349,58.50,91.39,210.00,3.00,0.00,10.00,CLR,null
ORD,2026-04-21 22:51,-87.9316,41.9602,66.00,62.89,240.00,6.00,0.00,10.00,FEW,null
MDW,2026-04-21 22:53,-87.7524,41.7860,65.00,67.55,250.00,6.00,0.00,10.00,CLR,null
IGQ,2026-04-21 22:55,-87.5295,41.5349,55.40,94.34,0.00,0.00,0.00,10.00,CLR,null
ORD,2026-04-21 23:51,-87.9316,41.9602,65.00,67.55,240.00,6.00,0.00,10.00,CLR,null
MDW,2026-04-21 23:53,-87.7524,41.7860,64.00,69.94,260.00,5.00,0.00,10.00,CLR,null
IGQ,2026-04-21 23:55,-87.5295,41.5349,56.50,92.32,0.00,0.00,0.00,10.00,CLR,null
ORD,2026-04-22 00:51,-87.9316,41.9602,63.00,72.44,230.00,6.00,0.00,10.00,CLR,null
MDW,2026-04-22 00:53,-87.7524,41.7860,62.00,75.03,240.00,6.00,0.00,10.00,CLR,null
IGQ,2026-04-22 00:55,-87.5295,41.5349,53.60,98.55,180.00,3.00,0.00,10.00,CLR,null
ORD,2026-04-22 01:51,-87.9316,41.9602,63.00,69.83,230.00,6.00,0.00,10.00,CLR,null
MDW,2026-04-22 01:53,-87.7524,41.7860,61.00,77.73,240.00,5.00,0.00,10.00,CLR,null
IGQ,2026-04-22 01:55,-87.5295,41.5349,53.00,98.90,200.00,3.00,0.00,10.00,CLR,null
ORD,2026-04-22 02:51,-87.9316,41.9602,61.00,77.73,230.00,5.00,0.00,10.00,CLR,null
MDW,2026-04-22 02:53,-87.7524,41.7860,64.00,72.54,250.00,9.00,0.00,10.00,CLR,null
IGQ,2026-04-22 02:55,-87.5295,41.5349,52.50,93.57,190.00,4.00,0.00,10.00,CLR,null
ORD,2026-04-22 03:51,-87.9316,41.9602,62.00,75.03,240.00,7.00,0.00,10.00,FEW,null
MDW,2026-04-22 03:53,-87.7524,41.7860,63.00,75.13,250.00,8.00,0.00,10.00,FEW,null
IGQ,2026-04-22 03:55,-87.5295,41.5349,59.00,83.47,250.00,6.00,0.00,10.00,CLR,null
IGQ,2026-04-22 04:35,-87.5295,41.5349,58.60,82.83,230.00,5.00,0.00,10.00,CLR,null
ORD,2026-04-22 04:51,-87.9316,41.9602,62.00,75.03,230.00,6.00,0.00,10.00,SCT,null
MDW,2026-04-22 04:53,-87.7524,41.7860,62.00,77.82,250.00,8.00,0.00,10.00,FEW,null
ORD,2026-04-22 05:51,-87.9316,41.9602,62.00,77.82,230.00,9.00,0.00,10.00,FEW,null
MDW,2026-04-22 05:53,-87.7524,41.7860,62.00,77.82,240.00,7.00,0.00,10.00,FEW,null
IGQ,2026-04-22 05:55,-87.5295,41.5349,60.00,82.03,240.00,7.00,0.00,10.00,SCT,null
ORD,2026-04-22 06:51,-87.9316,41.9602,63.00,77.91,240.00,10.00,0.00,10.00,FEW,null
MDW,2026-04-22 06:53,-87.7524,41.7860,63.00,77.91,250.00,9.00,0.00,10.00,FEW,null
IGQ,2026-04-22 06:55,-87.5295,41.5349,60.80,82.98,240.00,6.00,0.00,10.00,CLR,null
ORD,2026-04-22 07:51,-87.9316,41.9602,65.00,75.32,260.00,8.00,0.00,10.00,FEW,null
MDW,2026-04-22 07:53,-87.7524,41.7860,65.00,78.08,260.00,8.00,0.00,10.00,FEW,null
IGQ,2026-04-22 07:55,-87.5295,41.5349,64.00,79.12,250.00,9.00,0.00,10.00,CLR,null
ORD,2026-04-22 08:51,-87.9316,41.9602,67.00,72.85,280.00,10.00,0.00,10.00,SCT,null
MDW,2026-04-22 08:53,-87.7524,41.7860,67.00,75.50,280.00,11.00,0.00,10.00,BKN,null
IGQ,2026-04-22 08:55,-87.5295,41.5349,67.00,74.43,270.00,9.00,0.00,10.00,SCT,null
ORD,2026-04-22 09:51,-87.9316,41.9602,68.00,70.38,280.00,8.00,0.00,10.00,BKN,null
MDW,2026-04-22 09:53,-87.7524,41.7860,68.00,72.95,280.00,11.00,0.00,10.00,OVC,null
IGQ,2026-04-22 09:55,-87.5295,41.5349,67.00,75.50,270.00,10.00,0.00,10.00,OVC,null
ORD,2026-04-22 10:51,-87.9316,41.9602,60.00,66.96,30.00,8.00,0.00,10.00,BKN,null
MDW,2026-04-22 10:53,-87.7524,41.7860,68.00,72.95,250.00,9.00,0.00,10.00,OVC,null
IGQ,2026-04-22 10:55,-87.5295,41.5349,67.00,74.43,260.00,7.00,0.00,10.00,OVC,null
ORD,2026-04-22 11:51,-87.9316,41.9602,65.00,62.76,80.00,5.00,0.00,10.00,SCT,null
MDW,2026-04-22 11:53,-87.7524,41.7860,60.00,66.96,80.00,7.00,0.00,10.00,OVC,null
IGQ,2026-04-22 11:55,-87.5295,41.5349,57.00,74.55,40.00,7.00,0.00,10.00,OVC,null
ORD,2026-04-22 12:51,-87.9316,41.9602,70.00,63.40,110.00,6.00,0.00,10.00,FEW,null
MDW,2026-04-22 12:53,-87.7524,41.7860,63.00,69.83,70.00,4.00,0.00,8.00,OVC,null
IGQ,2026-04-22 12:55,-87.5295,41.5349,59.50,72.08,30.00,4.00,0.00,10.00,OVC,null
ORD,2026-04-22 13:51,-87.9316,41.9602,72.00,59.24,50.00,6.00,0.00,10.00,FEW,null
MDW,2026-04-22 13:53,-87.7524,41.7860,67.00,60.75,140.00,5.00,0.00,8.00,SCT,null
IGQ,2026-04-22 13:55,-87.5295,41.5349,62.60,67.76,30.00,6.00,0.00,10.00,OVC,null
ORD,2026-04-22 14:51,-87.9316,41.9602,70.00,54.81,30.00,12.00,0.00,10.00,FEW,null
MDW,2026-04-22 14:53,-87.7524,41.7860,67.00,58.56,60.00,9.00,0.00,10.00,FEW,null
IGQ,2026-04-22 14:55,-87.5295,41.5349,64.60,64.83,30.00,6.00,0.00,10.00,CLR,null
ORD,2026-04-22 15:51,-87.9316,41.9602,67.00,56.44,60.00,9.00,0.00,10.00,FEW,null
MDW,2026-04-22 15:53,-87.7524,41.7860,66.00,56.29,50.00,10.00,0.00,10.00,FEW,null
IGQ,2026-04-22 15:55,-87.5295,41.5349,62.80,67.79,30.00,11.00,0.00,10.00,SCT,null
ORD,2026-04-22 16:51,-87.9316,41.9602,65.00,56.15,70.00,10.00,0.00,10.00,FEW,null
MDW,2026-04-22 16:53,-87.7524,41.7860,64.00,60.35,40.00,9.00,0.00,10.00,FEW,null
IGQ,2026-04-22 16:55,-87.5295,41.5349,58.00,73.27,40.00,5.00,0.00,10.00,CLR,null
ORD,2026-04-22 17:51,-87.9316,41.9602,63.00,58.01,70.00,9.00,0.00,10.00,SCT,null
MDW,2026-04-22 17:53,-87.7524,41.7860,63.00,62.51,20.00,8.00,0.00,10.00,FEW,null
IGQ,2026-04-22 17:55,-87.5295,41.5349,57.00,74.55,60.00,5.00,0.00,10.00,CLR,null
IGQ,2026-04-22 18:35,-87.5295,41.5349,55.00,75.77,30.00,6.00,0.00,7.00,CLR,null
ORD,2026-04-22 18:51,-87.9316,41.9602,60.00,59.81,60.00,7.00,0.00,10.00,SCT,null
MDW,2026-04-22 18:53,-87.7524,41.7860,59.00,59.68,90.00,9.00,0.00,10.00,FEW,null
ORD,2026-04-22 19:51,-87.9316,41.9602,55.00,48.61,50.00,9.00,0.00,10.00,SCT,null
MDW,2026-04-22 19:53,-87.7524,41.7860,55.00,56.87,80.00,8.00,0.00,10.00,FEW,null
IGQ,2026-04-22 19:55,-87.5295,41.5349,51.30,73.15,30.00,3.00,0.00,10.00,CLR,null
ORD,2026-04-22 20:51,-87.9316,41.9602,53.00,44.57,60.00,7.00,0.00,10.00,FEW,null
MDW,2026-04-22 20:53,-87.7524,41.7860,53.00,61.19,110.00,7.00,0.00,10.00,FEW,null
IGQ,2026-04-22 20:55,-87.5295,41.5349,48.20,81.47,30.00,4.00,0.00,7.00,CLR,null
ORD,2026-04-22 21:51,-87.9316,41.9602,52.00,48.14,90.00,6.00,0.00,10.00,FEW,null
MDW,2026-04-22 21:53,-87.7524,41.7860,51.00,63.35,100.00,4.00,0.00,10.00,FEW,null
IGQ,2026-04-22 21:55,-87.5295,41.5349,46.40,84.54,70.00,3.00,0.00,10.00,CLR,null
ORD,2026-04-22 22:51,-87.9316,41.9602,51.00,51.99,100.00,4.00,0.00,10.00,FEW,null
MDW,2026-04-22 22:53,-87.7524,41.7860,50.00,68.36,130.00,4.00,0.00,10.00,FEW,null
IGQ,2026-04-22 22:55,-87.5295,41.5349,46.80,83.27,0.00,0.00,0.00,7.00,CLR,null
ORD,2026-04-22 23:51,-87.9316,41.9602,52.00,54.25,0.00,0.00,0.00,10.00,FEW,null
MDW,2026-04-22 23:53,-87.7524,41.7860,49.00,76.67,0.00,0.00,0.00,10.00,FEW,null
IGQ,2026-04-22 23:55,-87.5295,41.5349,47.00,82.65,0.00,0.00,0.00,7.00,CLR,null
IGQ,2026-04-23 00:15,-87.5295,41.5349,47.30,82.67,0.00,0.00,0.00,7.00,CLR,null
ORD,2026-04-23 00:51,-87.9316,41.9602,52.00,56.44,0.00,0.00,0.00,10.00,FEW,null
MDW,2026-04-23 00:53,-87.7524,41.7860,50.00,76.76,0.00,0.00,0.00,10.00,CLR,null
ORD,2026-04-23 01:51,-87.9316,41.9602,52.00,61.05,0.00,0.00,0.00,10.00,FEW,null
MDW,2026-04-23 01:53,-87.7524,41.7860,52.00,71.28,0.00,0.00,0.00,10.00,CLR,null
IGQ,2026-04-23 01:55,-87.5295,41.5349,46.60,91.99,0.00,0.00,0.00,4.00,CLR,BR
ORD,2026-04-23 02:51,-87.9316,41.9602,52.00,65.99,250.00,3.00,0.00,10.00,FEW,null
MDW,2026-04-23 02:53,-87.7524,41.7860,52.00,74.06,180.00,3.00,0.00,10.00,CLR,null
IGQ,2026-04-23 02:55,-87.5295,41.5349,45.70,90.21,0.00,0.00,0.00,4.00,CLR,BR
ORD,2026-04-23 03:51,-87.9316,41.9602,52.00,71.28,0.00,0.00,0.00,10.00,FEW,null
MDW,2026-04-23 03:53,-87.7524,41.7860,52.00,76.94,220.00,3.00,0.00,10.00,CLR,null
IGQ,2026-04-23 03:55,-87.5295,41.5349,47.00,92.00,0.00,0.00,0.00,4.00,CLR,BR
ORD,2026-04-23 04:51,-87.9316,41.9602,53.00,77.03,0.00,0.00,0.00,8.00,FEW,null
MDW,2026-04-23 04:53,-87.7524,41.7860,53.00,80.00,0.00,0.00,0.00,10.00,CLR,null
IGQ,2026-04-23 04:55,-87.5295,41.5349,47.00,89.24,0.00,0.00,0.00,4.00,CLR,BR
ORD,2026-04-23 05:51,-87.9316,41.9602,54.00,80.08,210.00,6.00,0.00,10.00,FEW,null
MDW,2026-04-23 05:53,-87.7524,41.7860,54.00,86.29,210.00,7.00,0.00,7.00,FEW,null
IGQ,2026-04-23 05:55,-87.5295,41.5349,51.40,98.53,200.00,3.00,0.00,3.00,CLR,BR
ORD,2026-04-23 06:51,-87.9316,41.9602,57.00,83.34,210.00,5.00,0.00,10.00,FEW,null
MDW,2026-04-23 06:53,-87.7524,41.7860,56.00,89.64,210.00,5.00,0.00,9.00,FEW,null
IGQ,2026-04-23 06:55,-87.5295,41.5349,52.50,100.00,200.00,3.00,0.00,2.00,CLR,BR
ORD,2026-04-23 07:51,-87.9316,41.9602,62.00,77.82,200.00,6.00,0.00,10.00,FEW,null
MDW,2026-04-23 07:53,-87.7524,41.7860,62.00,80.70,210.00,7.00,0.00,10.00,FEW,null
IGQ,2026-04-23 07:55,-87.5295,41.5349,60.80,85.11,200.00,3.00,0.00,10.00,CLR,null
ORD,2026-04-23 08:51,-87.9316,41.9602,68.00,70.38,190.00,5.00,0.00,10.00,FEW,null
MDW,2026-04-23 08:53,-87.7524,41.7860,67.00,70.27,190.00,5.00,0.00,10.00,FEW,null
IGQ,2026-04-23 08:55,-87.5295,41.5349,67.60,72.13,190.00,7.00,0.00,10.00,CLR,null
ORD,2026-04-23 09:51,-87.9316,41.9602,72.00,61.41,190.00,5.00,0.00,10.00,FEW,null
MDW,2026-04-23 09:53,-87.7524,41.7860,72.00,61.41,190.00,6.00,0.00,10.00,FEW,null
IGQ,2026-04-23 09:55,-87.5295,41.5349,71.00,65.84,160.00,7.00,0.00,10.00,CLR,null
ORD,2026-04-23 10:51,-87.9316,41.9602,75.00,55.53,180.00,8.00,0.00,10.00,FEW,null
MDW,2026-04-23 10:53,-87.7524,41.7860,75.00,55.53,190.00,9.00,0.00,10.00,FEW,null
IGQ,2026-04-23 10:55,-87.5295,41.5349,74.30,57.87,170.00,11.00,0.00,10.00,CLR,null
ORD,2026-04-23 11:51,-87.9316,41.9602,77.00,48.35,170.00,13.00,0.00,10.00,SCT,null
MDW,2026-04-23 11:53,-87.7524,41.7860,78.00,48.50,210.00,12.00,0.00,10.00,SCT,null
IGQ,2026-04-23 11:55,-87.5295,41.5349,76.30,51.30,170.00,13.00,0.00,10.00,CLR,null
ORD,2026-04-23 12:51,-87.9316,41.9602,78.00,46.78,190.00,12.00,0.00,10.00,BKN,null
MDW,2026-04-23 12:53,-87.7524,41.7860,78.00,46.78,220.00,16.00,0.00,10.00,SCT,null
IGQ,2026-04-23 12:55,-87.5295,41.5349,77.40,47.71,190.00,14.00,0.00,10.00,BKN,null
ORD,2026-04-23 13:51,-87.9316,41.9602,79.00,43.65,180.00,11.00,0.00,10.00,SCT,null
MDW,2026-04-23 13:53,-87.7524,41.7860,80.00,42.25,190.00,13.00,0.00,10.00,BKN,null
IGQ,2026-04-23 13:55,-87.5295,41.5349,78.00,45.44,210.00,10.00,0.00,10.00,SCT,null
ORD,2026-04-23 14:51,-87.9316,41.9602,80.00,37.85,190.00,17.00,0.00,10.00,SCT,null
MDW,2026-04-23 14:53,-87.7524,41.7860,80.00,39.27,200.00,17.00,0.00,10.00,BKN,null
IGQ,2026-04-23 14:55,-87.5295,41.5349,79.50,42.48,220.00,16.00,0.00,10.00,SCT,null
ORD,2026-04-23 15:51,-87.9316,41.9602,80.00,39.27,210.00,12.00,0.00,10.00,SCT,null
MDW,2026-04-23 15:53,-87.7524,41.7860,81.00,38.01,210.00,14.00,0.00,10.00,BKN,null
IGQ,2026-04-23 15:55,-87.5295,41.5349,79.00,40.57,210.00,16.00,0.00,10.00,SCT,null
ORD,2026-04-23 16:51,-87.9316,41.9602,80.00,37.85,210.00,13.00,0.00,10.00,SCT,null
MDW,2026-04-23 16:53,-87.7524,41.7860,82.00,35.47,210.00,17.00,0.00,10.00,SCT,null
IGQ,2026-04-23 16:55,-87.5295,41.5349,79.00,39.11,190.00,14.00,0.00,10.00,SCT,null
ORD,2026-04-23 17:51,-87.9316,41.9602,80.00,39.27,180.00,17.00,0.00,10.00,SCT,null
MDW,2026-04-23 17:53,-87.7524,41.7860,81.00,35.31,210.00,15.00,0.00,10.00,SCT,null
IGQ,2026-04-23 17:55,-87.5295,41.5349,77.40,39.73,200.00,15.00,0.00,10.00,CLR,null
ORD,2026-04-23 18:51,-87.9316,41.9602,78.00,38.95,180.00,14.00,0.00,10.00,FEW,null
MDW,2026-04-23 18:53,-87.7524,41.7860,79.00,37.69,180.00,9.00,0.00,10.00,FEW,null
IGQ,2026-04-23 18:55,-87.5295,41.5349,75.70,42.50,190.00,12.00,0.00,10.00,CLR,null
ORD,2026-04-23 19:51,-87.9316,41.9602,77.00,40.26,180.00,9.00,0.00,10.00,BKN,null
MDW,2026-04-23 19:53,-87.7524,41.7860,77.00,38.79,190.00,11.00,0.00,10.00,BKN,null
IGQ,2026-04-23 19:55,-87.5295,41.5349,71.00,48.13,180.00,8.00,0.00,10.00,CLR,null
ORD,2026-04-23 20:51,-87.9316,41.9602,74.00,44.48,170.00,9.00,0.00,10.00,BKN,null
MDW,2026-04-23 20:53,-87.7524,41.7860,75.00,43.02,180.00,7.00,0.00,10.00,BKN,null
IGQ,2026-04-23 20:55,-87.5295,41.5349,68.70,51.29,170.00,9.00,0.00,10.00,CLR,null
ORD,2026-04-23 21:51,-87.9316,41.9602,74.00,44.48,170.00,10.00,0.00,10.00,BKN,null
MDW,2026-04-23 21:53,-87.7524,41.7860,73.00,46.00,170.00,9.00,0.00,10.00,BKN,null
IGQ,2026-04-23 21:55,-87.5295,41.5349,68.70,51.29,170.00,8.00,0.00,10.00,CLR,null
ORD,2026-04-23 22:51,-87.9316,41.9602,72.00,49.37,180.00,10.00,0.00,10.00,FEW,null
MDW,2026-04-23 22:53,-87.7524,41.7860,73.00,47.73,190.00,11.00,0.00,10.00,BKN,null
IGQ,2026-04-23 22:55,-87.5295,41.5349,66.00,56.29,180.00,8.00,0.00,10.00,CLR,null
IGQ,2026-04-23 23:35,-87.5295,41.5349,66.40,55.52,190.00,8.00,0.00,10.00,CLR,null
ORD,2026-04-23 23:51,-87.9316,41.9602,71.00,52.98,180.00,10.00,0.00,10.00,SCT,null
MDW,2026-04-23 23:53,-87.7524,41.7860,71.00,52.98,190.00,13.00,0.00,10.00,FEW,null
ORD,2026-04-24 00:51,-87.9316,41.9602,71.00,54.96,190.00,10.00,0.00,10.00,FEW,null
MDW,2026-04-24 00:53,-87.7524,41.7860,71.00,54.96,190.00,12.00,0.00,10.00,OVC,null
ORD,2026-04-24 01:51,-87.9316,41.9602,70.00,58.97,190.00,11.00,0.00,10.00,SCT,null
MDW,2026-04-24 01:53,-87.7524,41.7860,70.00,58.97,200.00,13.00,0.00,10.00,OVC,null
ORD,2026-04-24 02:51,-87.9316,41.9602,69.00,63.27,180.00,12.00,0.00,10.00,SCT,null
MDW,2026-04-24 02:53,-87.7524,41.7860,70.00,61.15,200.00,12.00,0.00,10.00,SCT,null
ORD,2026-04-24 03:51,-87.9316,41.9602,68.00,65.48,190.00,9.00,0.00,10.00,SCT,null
MDW,2026-04-24 03:53,-87.7524,41.7860,68.00,65.48,200.00,13.00,0.00,10.00,FEW,null
IGQ,2026-04-24 03:55,-87.5295,41.5349,67.00,66.32,200.00,12.00,0.00,10.00,CLR,null
ORD,2026-04-24 04:51,-87.9316,41.9602,69.00,65.60,200.00,7.00,0.00,10.00,BKN,null
MDW,2026-04-24 04:53,-87.7524,41.7860,67.00,70.27,200.00,10.00,0.00,10.00,BKN,null
IGQ,2026-04-24 04:55,-87.5295,41.5349,65.70,69.88,200.00,11.00,0.00,10.00,CLR,null
ORD,2026-04-24 05:51,-87.9316,41.9602,68.00,70.38,210.00,5.00,0.00,10.00,BKN,null
MDW,2026-04-24 05:53,-87.7524,41.7860,68.00,67.89,200.00,11.00,0.00,10.00,BKN,null
IGQ,2026-04-24 05:55,-87.5295,41.5349,66.00,70.16,200.00,9.00,0.00,10.00,SCT,null
ORD,2026-04-24 06:51,-87.9316,41.9602,68.00,70.38,170.00,5.00,0.00,10.00,FEW,null
MDW,2026-04-24 06:53,-87.7524,41.7860,68.00,70.38,170.00,9.00,0.00,10.00,SCT,null
IGQ,2026-04-24 06:55,-87.5295,41.5349,66.20,70.95,200.00,14.00,0.00,10.00,SCT,null
ORD,2026-04-24 07:51,-87.9316,41.9602,68.00,72.95,210.00,8.00,0.00,10.00,FEW,null
MDW,2026-04-24 07:53,-87.7524,41.7860,67.00,72.85,180.00,12.00,0.00,10.00,FEW,null
IGQ,2026-04-24 07:55,-87.5295,41.5349,66.70,70.24,180.00,10.00,0.00,10.00,CLR,null
ORD,2026-04-24 08:51,-87.9316,41.9602,70.00,70.59,220.00,9.00,0.00,10.00,FEW,null
MDW,2026-04-24 08:53,-87.7524,41.7860,68.00,72.95,210.00,12.00,0.00,10.00,FEW,null
IGQ,2026-04-24 08:55,-87.5295,41.5349,66.40,70.46,200.00,10.00,0.00,10.00,SCT,null
ORD,2026-04-24 09:51,-87.9316,41.9602,67.00,65.36,280.00,12.00,0.00,10.00,SCT,null
MDW,2026-04-24 09:53,-87.7524,41.7860,70.00,73.15,240.00,14.00,0.00,10.00,BKN,null
IGQ,2026-04-24 09:55,-87.5295,41.5349,68.40,70.17,230.00,16.00,0.00,10.00,BKN,null
ORD,2026-04-24 10:51,-87.9316,41.9602,69.00,56.72,260.00,9.00,0.00,10.00,FEW,null
MDW,2026-04-24 10:53,-87.7524,41.7860,70.00,61.15,280.00,11.00,0.00,10.00,FEW,null
IGQ,2026-04-24 10:55,-87.5295,41.5349,68.40,67.94,260.00,11.00,0.00,10.00,SCT,null
ORD,2026-04-24 11:51,-87.9316,41.9602,70.00,54.81,270.00,10.00,0.00,10.00,FEW,null
MDW,2026-04-24 11:53,-87.7524,41.7860,70.00,56.86,230.00,9.00,0.00,10.00,FEW,null
IGQ,2026-04-24 11:55,-87.5295,41.5349,68.40,63.66,240.00,7.00,0.00,10.00,CLR,null
ORD,2026-04-24 12:51,-87.9316,41.9602,69.00,61.02,270.00,9.00,0.00,10.00,FEW,null
MDW,2026-04-24 12:53,-87.7524,41.7860,70.00,58.97,260.00,9.00,0.00,10.00,FEW,null
IGQ,2026-04-24 12:55,-87.5295,41.5349,68.50,57.70,240.00,8.00,0.00,10.00,SCT,null
ORD,2026-04-24 13:51,-87.9316,41.9602,68.00,63.15,280.00,8.00,0.00,10.00,SCT,null
MDW,2026-04-24 13:53,-87.7524,41.7860,68.00,65.48,250.00,10.00,0.00,10.00,FEW,null
IGQ,2026-04-24 13:55,-87.5295,41.5349,64.80,78.62,260.00,9.00,0.00,10.00,SCT,-RA
ORD,2026-04-24 14:51,-87.9316,41.9602,67.00,63.02,270.00,10.00,0.00,10.00,BKN,null
MDW,2026-04-24 14:53,-87.7524,41.7860,68.00,63.15,280.00,11.00,0.00,10.00,BKN,null
IGQ,2026-04-24 14:55,-87.5295,41.5349,67.50,71.60,270.00,11.00,0.00,10.00,SCT,null
ORD,2026-04-24 15:51,-87.9316,41.9602,68.00,60.89,260.00,9.00,0.00,10.00,BKN,null
MDW,2026-04-24 15:53,-87.7524,41.7860,69.00,61.02,280.00,9.00,0.00,10.00,BKN,null
IGQ,2026-04-24 15:55,-87.5295,41.5349,67.30,62.37,280.00,11.00,0.00,10.00,SCT,null
ORD,2026-04-24 16:51,-87.9316,41.9602,69.00,58.83,270.00,7.00,0.00,10.00,SCT,null
MDW,2026-04-24 16:53,-87.7524,41.7860,69.00,58.83,270.00,9.00,0.00,10.00,BKN,null
IGQ,2026-04-24 16:55,-87.5295,41.5349,68.00,63.15,280.00,8.00,0.00,10.00,SCT,null
ORD,2026-04-24 17:51,-87.9316,41.9602,69.00,56.72,280.00,10.00,0.00,10.00,BKN,null
MDW,2026-04-24 17:53,-87.7524,41.7860,69.00,56.72,310.00,9.00,0.00,10.00,SCT,null
IGQ,2026-04-24 17:55,-87.5295,41.5349,68.00,62.46,280.00,6.00,0.00,10.00,SCT,null
ORD,2026-04-24 18:51,-87.9316,41.9602,69.00,52.69,310.00,9.00,0.00,10.00,SCT,null
MDW,2026-04-24 18:53,-87.7524,41.7860,68.00,56.58,310.00,10.00,0.00,10.00,SCT,null
IGQ,2026-04-24 18:55,-87.5295,41.5349,66.60,60.48,290.00,7.00,0.00,10.00,SCT,null
ORD,2026-04-24 19:51,-87.9316,41.9602,67.00,56.44,300.00,6.00,0.00,10.00,FEW,null
MDW,2026-04-24 19:53,-87.7524,41.7860,67.00,58.56,300.00,5.00,0.00,10.00,FEW,null
IGQ,2026-04-24 19:55,-87.5295,41.5349,64.00,62.64,280.00,5.00,0.00,10.00,CLR,null
ORD,2026-04-24 20:51,-87.9316,41.9602,64.00,60.35,350.00,10.00,0.00,10.00,FEW,null
MDW,2026-04-24 20:53,-87.7524,41.7860,66.00,58.42,300.00,3.00,0.00,10.00,SCT,null
IGQ,2026-04-24 20:55,-87.5295,41.5349,57.60,78.60,0.00,0.00,0.00,10.00,CLR,null
ORD,2026-04-24 21:51,-87.9316,41.9602,60.00,69.50,10.00,7.00,0.00,10.00,FEW,null
MDW,2026-04-24 21:53,-87.7524,41.7860,64.00,67.43,30.00,10.00,0.00,10.00,FEW,null
IGQ,2026-04-24 21:55,-87.5295,41.5349,59.50,78.18,10.00,7.00,0.00,10.00,SCT,null
ORD,2026-04-24 22:51,-87.9316,41.9602,59.00,77.56,30.00,6.00,0.00,10.00,FEW,null
MDW,2026-04-24 22:53,-87.7524,41.7860,61.00,74.94,360.00,6.00,0.00,10.00,FEW,null
IGQ,2026-04-24 22:55,-87.5295,41.5349,59.00,79.00,20.00,7.00,0.00,10.00,SCT,null
ORD,2026-04-24 23:51,-87.9316,41.9602,50.00,89.37,30.00,11.00,0.00,10.00,BKN,null
MDW,2026-04-24 23:53,-87.7524,41.7860,54.00,86.29,20.00,11.00,0.00,10.00,FEW,null
IGQ,2026-04-24 23:55,-87.5295,41.5349,57.00,83.34,20.00,3.00,0.00,10.00,BKN,null
ORD,2026-04-25 00:51,-87.9316,41.9602,48.00,82.72,40.00,12.00,0.00,10.00,SCT,null
MDW,2026-04-25 00:53,-87.7524,41.7860,51.00,79.84,30.00,9.00,0.00,10.00,SCT,null
IGQ,2026-04-25 00:55,-87.5295,41.5349,48.70,93.82,10.00,7.00,0.00,7.00,OVC,null
ORD,2026-04-25 01:51,-87.9316,41.9602,48.00,79.59,30.00,8.00,0.00,10.00,BKN,null
MDW,2026-04-25 01:53,-87.7524,41.7860,49.00,79.68,360.00,8.00,0.00,10.00,FEW,null
IGQ,2026-04-25 01:55,-87.5295,41.5349,47.30,84.27,10.00,4.00,0.00,10.00,OVC,null
ORD,2026-04-25 02:51,-87.9316,41.9602,48.00,85.95,40.00,9.00,0.00,10.00,OVC,null
MDW,2026-04-25 02:53,-87.7524,41.7860,48.00,82.72,30.00,10.00,0.00,10.00,BKN,null
IGQ,2026-04-25 02:55,-87.5295,41.5349,47.50,80.17,30.00,9.00,0.00,10.00,OVC,null
ORD,2026-04-25 03:51,-87.9316,41.9602,47.00,85.89,30.00,11.00,0.00,10.00,OVC,null
MDW,2026-04-25 03:53,-87.7524,41.7860,48.00,79.59,40.00,9.00,0.00,10.00,FEW,null
IGQ,2026-04-25 03:55,-87.5295,41.5349,46.40,84.54,10.00,5.00,0.00,10.00,OVC,null
ORD,2026-04-25 04:51,-87.9316,41.9602,46.00,89.19,10.00,10.00,0.00,7.00,OVC,null
MDW,2026-04-25 04:53,-87.7524,41.7860,47.00,89.24,30.00,9.00,0.00,5.00,OVC,BR
IGQ,2026-04-25 04:55,-87.5295,41.5349,44.60,90.52,20.00,10.00,0.00,4.00,OVC,BR
ORD,2026-04-25 05:51,-87.9316,41.9602,46.00,85.83,30.00,14.00,0.0001,10.00,OVC,null
MDW,2026-04-25 05:53,-87.7524,41.7860,46.00,92.68,30.00,11.00,0.00,5.00,OVC,BR
IGQ,2026-04-25 05:55,-87.5295,41.5349,43.70,96.61,30.00,9.00,0.00,7.00,OVC,null
ORD,2026-04-25 06:51,-87.9316,41.9602,47.00,85.89,20.00,12.00,0.0001,10.00,OVC,-DZ
MDW,2026-04-25 06:53,-87.7524,41.7860,46.00,89.19,30.00,8.00,0.00,7.00,OVC,null
IGQ,2026-04-25 06:55,-87.5295,41.5349,44.00,96.24,20.00,7.00,0.00,5.00,OVC,BR
ORD,2026-04-25 07:51,-87.9316,41.9602,47.00,89.24,30.00,13.00,0.0001,4.00,OVC,-DZ BR
MDW,2026-04-25 07:53,-87.7524,41.7860,47.00,89.24,30.00,10.00,0.0001,5.00,OVC,-DZ BR
IGQ,2026-04-25 07:55,-87.5295,41.5349,45.30,96.63,20.00,6.00,0.00,3.00,OVC,BR
ORD,2026-04-25 08:51,-87.9316,41.9602,47.00,82.65,40.00,15.00,0.0001,10.00,OVC,null
MDW,2026-04-25 08:53,-87.7524,41.7860,47.00,85.89,40.00,12.00,0.0001,10.00,OVC,null
IGQ,2026-04-25 08:55,-87.5295,41.5349,45.00,95.16,20.00,5.00,0.00,5.00,OVC,BR
ORD,2026-04-25 09:51,-87.9316,41.9602,50.00,73.86,20.00,12.00,0.00,10.00,SCT,null
MDW,2026-04-25 09:53,-87.7524,41.7860,51.00,73.96,30.00,10.00,0.00,10.00,SCT,null
IGQ,2026-04-25 09:55,-87.5295,41.5349,48.00,84.96,40.00,10.00,0.00,10.00,OVC,null
ORD,2026-04-25 10:51,-87.9316,41.9602,53.00,71.39,20.00,11.00,0.00,10.00,FEW,null
MDW,2026-04-25 10:53,-87.7524,41.7860,55.00,63.87,40.00,14.00,0.00,10.00,FEW,null
IGQ,2026-04-25 10:55,-87.5295,41.5349,50.00,76.17,10.00,12.00,0.00,10.00,SCT,null
ORD,2026-04-25 11:51,-87.9316,41.9602,55.00,63.87,30.00,11.00,0.00,10.00,FEW,null
MDW,2026-04-25 11:53,-87.7524,41.7860,55.00,61.46,50.00,11.00,0.00,10.00,FEW,null
IGQ,2026-04-25 11:55,-87.5295,41.5349,49.30,75.82,20.00,11.00,0.00,10.00,SCT,null
ORD,2026-04-25 12:51,-87.9316,41.9602,54.00,66.24,30.00,12.00,0.00,10.00,FEW,null
MDW,2026-04-25 12:53,-87.7524,41.7860,53.00,68.71,10.00,10.00,0.00,10.00,FEW,null
IGQ,2026-04-25 12:55,-87.5295,41.5349,47.30,78.62,20.00,9.00,0.00,10.00,BKN,null
ORD,2026-04-25 13:51,-87.9316,41.9602,52.00,68.59,40.00,11.00,0.00,10.00,FEW,null
MDW,2026-04-25 13:53,-87.7524,41.7860,52.00,68.59,50.00,10.00,0.00,10.00,FEW,null
IGQ,2026-04-25 13:55,-87.5295,41.5349,45.30,81.57,10.00,10.00,0.00,10.00,OVC,null
ORD,2026-04-25 14:51,-87.9316,41.9602,53.00,68.71,50.00,11.00,0.00,10.00,FEW,null
MDW,2026-04-25 14:53,-87.7524,41.7860,52.00,65.99,20.00,10.00,0.00,10.00,FEW,null
IGQ,2026-04-25 14:55,-87.5295,41.5349,44.60,84.75,10.00,9.00,0.00,10.00,OVC,null
ORD,2026-04-25 15:51,-87.9316,41.9602,55.00,63.87,20.00,11.00,0.00,10.00,FEW,null
MDW,2026-04-25 15:53,-87.7524,41.7860,55.00,61.46,50.00,11.00,0.00,10.00,FEW,null
IGQ,2026-04-25 15:55,-87.5295,41.5349,44.80,84.76,40.00,10.00,0.00,10.00,OVC,null
ORD,2026-04-25 16:51,-87.9316,41.9602,53.00,66.11,30.00,11.00,0.00,10.00,FEW,null
MDW,2026-04-25 16:53,-87.7524,41.7860,54.00,63.74,60.00,15.00,0.00,10.00,FEW,null
IGQ,2026-04-25 16:55,-87.5295,41.5349,45.00,84.12,30.00,8.00,0.00,10.00,OVC,null
ORD,2026-04-25 17:51,-87.9316,41.9602,51.00,71.17,30.00,11.00,0.00,10.00,FEW,null
MDW,2026-04-25 17:53,-87.7524,41.7860,51.00,68.48,50.00,11.00,0.00,10.00,FEW,null
IGQ,2026-04-25 17:55,-87.5295,41.5349,42.80,86.99,20.00,11.00,0.00,10.00,OVC,null
ORD,2026-04-25 18:51,-87.9316,41.9602,48.00,76.58,40.00,11.00,0.00,10.00,FEW,null
MDW,2026-04-25 18:53,-87.7524,41.7860,48.00,76.58,30.00,11.00,0.00,10.00,FEW,null
IGQ,2026-04-25 18:55,-87.5295,41.5349,42.00,89.71,30.00,11.00,0.00,10.00,OVC,null
ORD,2026-04-25 19:51,-87.9316,41.9602,46.00,82.57,30.00,11.00,0.00,10.00,FEW,null
MDW,2026-04-25 19:53,-87.7524,41.7860,46.00,82.57,40.00,7.00,0.00,10.00,FEW,null
IGQ,2026-04-25 19:55,-87.5295,41.5349,41.40,91.81,50.00,5.00,0.00,5.00,OVC,BR
ORD,2026-04-25 20:51,-87.9316,41.9602,47.00,76.49,20.00,9.00,0.00,10.00,FEW,null
MDW,2026-04-25 20:53,-87.7524,41.7860,45.00,82.50,40.00,7.00,0.00,10.00,BKN,null
IGQ,2026-04-25 20:55,-87.5295,41.5349,41.00,93.24,30.00,5.00,0.00,4.00,BKN,BR
ORD,2026-04-25 21:51,-87.9316,41.9602,46.00,79.43,30.00,8.00,0.00,10.00,FEW,null
MDW,2026-04-25 21:53,-87.7524,41.7860,46.00,79.43,40.00,6.00,0.00,10.00,SCT,null
IGQ,2026-04-25 21:55,-87.5295,41.5349,40.60,94.70,50.00,4.00,0.00,10.00,SCT,null
ORD,2026-04-25 22:51,-87.9316,41.9602,46.00,79.43,60.00,10.00,0.00,10.00,FEW,null
MDW,2026-04-25 22:53,-87.7524,41.7860,45.00,82.50,50.00,7.00,0.00,10.00,FEW,null
IGQ,2026-04-25 22:55,-87.5295,41.5349,41.00,93.24,10.00,3.00,0.00,7.00,CLR,null
ORD,2026-04-25 23:51,-87.9316,41.9602,44.00,82.43,50.00,8.00,0.00,10.00,FEW,null
MDW,2026-04-25 23:53,-87.7524,41.7860,45.00,82.50,50.00,5.00,0.00,10.00,CLR,null
IGQ,2026-04-25 23:55,-87.5295,41.5349,41.00,93.97,40.00,3.00,0.00,10.00,CLR,null
ORD,2026-04-26 00:51,-87.9316,41.9602,43.00,85.65,30.00,7.00,0.00,10.00,FEW,null
MDW,2026-04-26 00:53,-87.7524,41.7860,45.00,82.50,350.00,5.00,0.00,10.00,CLR,null
IGQ,2026-04-26 00:55,-87.5295,41.5349,41.00,93.24,0.00,0.00,0.00,10.00,CLR,null
ORD,2026-04-26 01:51,-87.9316,41.9602,43.00,85.65,40.00,5.00,0.00,10.00,FEW,null
MDW,2026-04-26 01:53,-87.7524,41.7860,44.00,85.71,40.00,4.00,0.00,10.00,CLR,null
IGQ,2026-04-26 01:55,-87.5295,41.5349,41.00,94.71,0.00,0.00,0.00,10.00,CLR,null
ORD,2026-04-26 02:51,-87.9316,41.9602,42.00,89.01,90.00,5.00,0.00,10.00,CLR,null
MDW,2026-04-26 02:53,-87.7524,41.7860,46.00,85.83,80.00,5.00,0.00,10.00,CLR,null
IGQ,2026-04-26 02:55,-87.5295,41.5349,40.60,94.70,70.00,3.00,0.00,10.00,CLR,null
ORD,2026-04-26 03:51,-87.9316,41.9602,43.00,85.65,350.00,3.00,0.00,10.00,CLR,null
MDW,2026-04-26 03:53,-87.7524,41.7860,46.00,89.19,90.00,4.00,0.00,10.00,CLR,null
IGQ,2026-04-26 03:55,-87.5295,41.5349,40.50,96.56,0.00,0.00,0.00,7.00,SCT,null
ORD,2026-04-26 04:51,-87.9316,41.9602,42.00,89.01,20.00,4.00,0.00,10.00,SCT,null
MDW,2026-04-26 04:53,-87.7524,41.7860,46.00,89.19,90.00,6.00,0.00,10.00,BKN,null
IGQ,2026-04-26 04:55,-87.5295,41.5349,43.50,96.61,60.00,4.00,0.00,7.00,OVC,null
ORD,2026-04-26 05:51,-87.9316,41.9602,44.00,89.10,30.00,4.00,0.00,8.00,SCT,null
MDW,2026-04-26 05:53,-87.7524,41.7860,47.00,96.29,100.00,6.00,0.00,5.00,OVC,BR
IGQ,2026-04-26 05:55,-87.5295,41.5349,45.50,94.45,0.00,0.00,0.00,7.00,OVC,null
ORD,2026-04-26 06:51,-87.9316,41.9602,45.00,96.26,50.00,3.00,0.00,5.00,OVC,BR
MDW,2026-04-26 06:53,-87.7524,41.7860,49.00,89.33,80.00,5.00,0.00,5.00,OVC,BR
IGQ,2026-04-26 06:55,-87.5295,41.5349,47.50,92.72,70.00,3.00,0.00,10.00,OVC,null
ORD,2026-04-26 07:51,-87.9316,41.9602,48.00,92.74,80.00,6.00,0.00,2.50,OVC,BR
MDW,2026-04-26 07:53,-87.7524,41.7860,49.00,89.33,90.00,9.00,0.00,6.00,OVC,BR
IGQ,2026-04-26 07:55,-87.5295,41.5349,48.60,92.06,90.00,7.00,0.00,10.00,OVC,null
ORD,2026-04-26 08:51,-87.9316,41.9602,49.00,86.00,80.00,7.00,0.00,4.00,OVC,BR
MDW,2026-04-26 08:53,-87.7524,41.7860,50.00,86.06,70.00,9.00,0.00,7.00,OVC,null
IGQ,2026-04-26 08:55,-87.5295,41.5349,49.60,87.35,70.00,3.00,0.00,10.00,OVC,null
ORD,2026-04-26 09:51,-87.9316,41.9602,49.00,86.00,70.00,9.00,0.00,5.00,OVC,BR
MDW,2026-04-26 09:53,-87.7524,41.7860,50.00,82.86,80.00,11.00,0.00,10.00,OVC,null
IGQ,2026-04-26 09:55,-87.5295,41.5349,52.00,79.92,90.00,4.00,0.00,10.00,OVC,null
ORD,2026-04-26 10:51,-87.9316,41.9602,49.00,86.00,90.00,8.00,0.00,9.00,OVC,null
MDW,2026-04-26 10:53,-87.7524,41.7860,51.00,79.84,70.00,11.00,0.00,10.00,OVC,null
IGQ,2026-04-26 10:55,-87.5295,41.5349,58.00,69.28,80.00,3.00,0.00,10.00,CLR,null
ORD,2026-04-26 11:51,-87.9316,41.9602,52.00,76.94,60.00,9.00,0.00,10.00,OVC,null
MDW,2026-04-26 11:53,-87.7524,41.7860,53.00,77.03,60.00,8.00,0.00,10.00,BKN,null
IGQ,2026-04-26 11:55,-87.5295,41.5349,58.00,69.80,50.00,8.00,0.00,10.00,CLR,null
ORD,2026-04-26 12:51,-87.9316,41.9602,53.00,74.16,50.00,7.00,0.00,10.00,BKN,null
MDW,2026-04-26 12:53,-87.7524,41.7860,56.00,69.05,70.00,9.00,0.00,10.00,FEW,null
IGQ,2026-04-26 12:55,-87.5295,41.5349,59.50,66.65,20.00,8.00,0.00,10.00,CLR,null
ORD,2026-04-26 13:51,-87.9316,41.9602,56.00,69.05,60.00,11.00,0.00,10.00,FEW,null
MDW,2026-04-26 13:53,-87.7524,41.7860,57.00,66.60,70.00,11.00,0.00,10.00,FEW,null
IGQ,2026-04-26 13:55,-87.5295,41.5349,58.30,66.76,40.00,11.00,0.00,10.00,CLR,null
ORD,2026-04-26 14:51,-87.9316,41.9602,58.00,64.25,80.00,10.00,0.00,10.00,FEW,null
MDW,2026-04-26 14:53,-87.7524,41.7860,58.00,64.25,70.00,11.00,0.00,10.00,FEW,null
IGQ,2026-04-26 14:55,-87.5295,41.5349,57.40,67.66,20.00,7.00,0.00,10.00,CLR,null
ORD,2026-04-26 15:51,-87.9316,41.9602,58.00,64.25,60.00,12.00,0.00,10.00,FEW,null
MDW,2026-04-26 15:53,-87.7524,41.7860,58.00,64.25,60.00,12.00,0.00,10.00,BKN,null
IGQ,2026-04-26 15:55,-87.5295,41.5349,63.00,60.90,40.00,8.00,0.00,10.00,CLR,null
ORD,2026-04-26 16:51,-87.9316,41.9602,58.00,64.25,80.00,11.00,0.00,10.00,BKN,null
MDW,2026-04-26 16:53,-87.7524,41.7860,59.00,64.37,90.00,14.00,0.00,10.00,BKN,null
IGQ,2026-04-26 16:55,-87.5295,41.5349,63.70,55.97,110.00,7.00,0.00,10.00,CLR,null
ORD,2026-04-26 17:51,-87.9316,41.9602,59.00,61.99,90.00,10.00,0.00,10.00,SCT,null
MDW,2026-04-26 17:53,-87.7524,41.7860,59.00,64.37,70.00,11.00,0.00,10.00,FEW,null
IGQ,2026-04-26 17:55,-87.5295,41.5349,63.00,55.87,110.00,9.00,0.00,10.00,CLR,null
ORD,2026-04-26 18:51,-87.9316,41.9602,57.00,66.60,80.00,8.00,0.00,10.00,FEW,null
MDW,2026-04-26 18:53,-87.7524,41.7860,58.00,66.72,70.00,9.00,0.00,10.00,SCT,null
IGQ,2026-04-26 18:55,-87.5295,41.5349,60.40,61.94,120.00,9.00,0.00,10.00,CLR,null
ORD,2026-04-26 19:51,-87.9316,41.9602,55.00,71.60,80.00,9.00,0.00,10.00,FEW,null
MDW,2026-04-26 19:53,-87.7524,41.7860,55.00,74.36,70.00,10.00,0.00,10.00,BKN,null
IGQ,2026-04-26 19:55,-87.5295,41.5349,57.40,69.47,110.00,6.00,0.00,10.00,CLR,null
ORD,2026-04-26 20:51,-87.9316,41.9602,50.00,79.76,70.00,7.00,0.00,10.00,OVC,null
MDW,2026-04-26 20:53,-87.7524,41.7860,50.00,82.86,90.00,7.00,0.00,10.00,OVC,null
IGQ,2026-04-26 20:55,-87.5295,41.5349,56.30,71.74,80.00,4.00,0.00,10.00,CLR,null
ORD,2026-04-26 21:51,-87.9316,41.9602,47.00,85.89,70.00,7.00,0.00,10.00,OVC,null
MDW,2026-04-26 21:53,-87.7524,41.7860,49.00,82.79,80.00,8.00,0.00,10.00,OVC,null
IGQ,2026-04-26 21:55,-87.5295,41.5349,47.50,86.58,20.00,4.00,0.00,10.00,CLR,null
ORD,2026-04-26 22:51,-87.9316,41.9602,46.00,85.83,80.00,9.00,0.00,10.00,OVC,null
MDW,2026-04-26 22:53,-87.7524,41.7860,48.00,85.95,80.00,9.00,0.00,10.00,OVC,null
IGQ,2026-04-26 22:55,-87.5295,41.5349,46.40,87.85,60.00,4.00,0.00,10.00,CLR,null
ORD,2026-04-26 23:51,-87.9316,41.9602,46.00,85.83,80.00,10.00,0.00,9.00,OVC,null
MDW,2026-04-26 23:53,-87.7524,41.7860,49.00,82.79,90.00,9.00,0.00,10.00,OVC,null
IGQ,2026-04-26 23:55,-87.5295,41.5349,47.00,89.24,80.00,6.00,0.00,10.00,CLR,null
